ID,Delivery_person_ID,Delivery_person_Age,Delivery_person_Ratings,Restaurant_latitude,Restaurant_longitude,Delivery_location_latitude,Delivery_location_longitude,Order_Date,Time_Orderd,Time_Order_picked,Weatherconditions,Road_traffic_density,Vehicle_condition,Type_of_order,Type_of_vehicle,multiple_deliveries,Festival,City,Time_taken(min)
0x38f7 ,INDORES16DEL02 ,30,5,22.744648,75.894377,22.824648,75.974377,20-03-2022,18:20:00,18:35:00,conditions Fog,Medium ,0,Snack ,motorcycle ,0,Yes ,Metropolitian ,(min) 44
0x1cf1 ,SURRES08DEL03 ,31,4.7,21.173343,72.792731,21.263343,72.882731,31-03-2022,19:10:00,19:15:00,conditions Fog,Jam ,2,Drinks ,motorcycle ,2,No ,Metropolitian ,(min) 41
0x2838 ,COIMBRES17DEL03 ,35,3.6,11.026117,76.944652,11.116117,77.034652,29-03-2022,21:25:00,21:35:00,conditions Stormy,Jam ,2,Drinks ,scooter ,0,No ,Metropolitian ,(min) 39
0x49e0 ,CHENRES04DEL01 ,35,4.6,13.02978,80.208812,13.13978,80.318812,18-03-2022,17:40:00,17:50:00,conditions Stormy,Medium ,0,Buffet ,motorcycle ,2,No ,Metropolitian ,(min) 38
0x9c4 ,RANCHIRES07DEL01 ,20,4.6,23.359407,85.325055,23.429407,85.395055,29-03-2022,21:45:00,22:00:00,conditions Cloudy,Jam ,0,Meal ,motorcycle ,NaN ,No ,Metropolitian ,(min) 38
0x74d9 ,VADRES04DEL03 ,22,4.4,0.0,0.0,0.06,0.06,11-03-2022,23:55:00,00:10:00,conditions Sandstorms,Low ,0,Meal ,motorcycle ,1,No ,Metropolitian ,(min) 22
0x3348 ,COIMBRES14DEL01 ,28,4.8,11.003681,76.975525,11.113681,77.085525,23-03-2022,20:55:00,21:05:00,conditions Sunny,Jam ,2,Drinks ,scooter ,0,No ,Metropolitian ,(min) 14
0x2eb1 ,CHENRES20DEL03 ,20,4.3,12.975996,80.221898,13.035996,80.281898,24-03-2022,00:00:00,00:15:00,conditions Windy,Low ,0,Buffet ,motorcycle ,1,No ,Metropolitian ,(min) 17
0x30b9 ,VADRES010DEL03 ,20,4.7,22.310329,73.169083,22.340329,73.199083,13-03-2022,19:10:00,19:20:00,conditions Stormy,Jam ,2,Drinks ,motorcycle ,1,No ,Urban ,(min) 22
0xb117 ,SURRES15DEL03 ,38,4.9,21.160522,72.771477,21.250522,72.861477,31-03-2022,18:55:00,19:05:00,conditions Sandstorms,Medium ,1,Buffet ,motorcycle ,1,No ,Metropolitian ,(min) 29
0x11d9 ,JAPRES15DEL01 ,28,4.8,26.891191,75.802083,26.931191,75.842083,07-03-2022,16:30:00,16:45:00,conditions Cloudy,Medium ,0,Buffet ,motorcycle ,1,No ,Metropolitian ,(min) 24
0x6123 ,INDORES06DEL01 ,28,4.9,22.728163,75.884212,22.768163,75.924212,19-03-2022,16:55:00,17:05:00,conditions Fog,Medium ,2,Meal ,scooter ,0,No ,Urban ,(min) 10
0x4e0d ,VADRES13DEL02 ,27,4.7,22.310237,73.158921,22.390237,73.238921,27-03-2022,21:00:00,21:05:00,conditions Sandstorms,Jam ,1,Meal ,scooter ,1,No ,Metropolitian ,(min) 25
0xb2a6 ,SURRES13DEL01 ,25,4.2,21.170096,72.789122,21.240096,72.859122,18-03-2022,19:00:00,19:15:00,conditions Cloudy,Medium ,1,Drinks ,scooter ,1,No ,Metropolitian ,(min) 39
0x2456 ,BANGRES04DEL01 ,36,4.3,12.98041,77.640489,13.02041,77.680489,28-03-2022,13:15:00,13:30:00,conditions Cloudy,High ,2,Snack ,motorcycle ,0,No ,Metropolitian ,(min) 34
0x1779 ,RANCHIRES17DEL03 ,34,4,23.374878,85.335739,23.434878,85.395739,05-03-2022,19:35:00,19:45:00,conditions Cloudy,Jam ,2,Meal ,scooter ,2,No ,Metropolitian ,(min) 39
0x543a ,INDORES11DEL02 ,33,4.2,22.751234,75.88949,22.881234,76.01949,23-03-2022,17:35:00,17:40:00,conditions Windy,Medium ,2,Buffet ,scooter ,1,No ,Metropolitian ,(min) 31
0x17d3 ,MYSRES18DEL01 ,38,4,12.337928,76.617889,12.347928,76.627889,09-03-2022,12:00:00,12:10:00,conditions Sandstorms,High ,1,Meal ,scooter ,2,No ,Metropolitian ,(min) 33
0xadce ,MYSRES17DEL03 ,37,4.1,12.326356,76.619103,12.416356,76.709103,31-03-2022,20:45:00,20:50:00,conditions Sandstorms,Jam ,1,Drinks ,motorcycle ,2,No ,Metropolitian ,(min) 33
0x456b ,SURRES20DEL03 ,29,4.2,21.15276,72.778059,21.18276,72.808059,30-03-2022,22:25:00,22:40:00,conditions Stormy,Low ,0,Drinks ,motorcycle ,1,No ,Metropolitian ,(min) 15
0x54f1 ,MUMRES06DEL03 ,38,4.8,19.055831,72.833984,19.115831,72.893984,09-03-2022,17:55:00,18:00:00,conditions Fog,Medium ,0,Buffet ,motorcycle ,0,No ,Metropolitian ,(min) 27
0x56d2 ,INDORES01DEL01 ,35,5,22.695207,75.866059,22.735207,75.906059,01-03-2022,12:45:00,13:00:00,conditions Sandstorms,High ,0,Snack ,motorcycle ,2,No ,Metropolitian ,(min) 49
0xd4b5 ,LUDHRES06DEL02 ,34,3.6,30.895204,75.822103,30.975204,75.902103,18-02-2022,22:45:00,22:55:00,conditions Cloudy,Low ,2,Drinks ,motorcycle ,1,No ,Metropolitian ,(min) 34
0x5df6 ,MUMRES08DEL03 ,24,5,19.065838,72.832658,19.155838,72.922658,02-04-2022,17:15:00,17:20:00,conditions Cloudy,Medium ,0,Snack ,motorcycle ,2,No ,Metropolitian ,(min) 37
0x8140 ,MYSRES03DEL03 ,21,4.7,12.299524,76.64262,12.329524,76.67262,07-03-2022,18:50:00,19:00:00,conditions Cloudy,Medium ,1,Drinks ,scooter ,0,No ,Metropolitian ,(min) 13
0xce9d ,KNPRES01DEL01 ,31,4.6,26.483672,80.320708,26.553672,80.390708,12-02-2022,23:55:00,00:10:00,conditions Sandstorms,Low ,1,Snack ,motorcycle ,0,No ,Metropolitian ,(min) 16
0x18d0 ,INDORES01DEL02 ,NaN ,NaN ,22.695207,75.866059,22.745207,75.916059,24-03-2022,NaN ,17:50:00,conditions Fog,Medium ,2,Buffet ,scooter ,0,No ,Urban ,(min) 10
0x4bc5 ,RANCHIRES04DEL02 ,36,4.5,23.359033,85.325347,23.439033,85.405347,20-03-2022,23:15:00,23:30:00,conditions Stormy,Low ,0,Meal ,motorcycle ,1,No ,Metropolitian ,(min) 23
0xb2a3 ,SURRES05DEL01 ,37,4.5,21.175104,72.804342,21.245104,72.874342,02-03-2022,20:30:00,20:35:00,conditions Sandstorms,Jam ,2,Meal ,motorcycle ,1,No ,Metropolitian ,(min) 31
0x4a51 ,SURRES07DEL03 ,21,4.1,21.170798,72.790489,21.200798,72.820489,07-03-2022,22:35:00,22:50:00,conditions Sandstorms,Low ,0,Snack ,motorcycle ,0,No ,Metropolitian ,(min) 27
0xccb0 ,DEHRES14DEL03 ,22,4.5,30.319528,78.040267,30.459528,78.180267,12-02-2022,22:00:00,22:10:00,conditions Sunny,Jam ,1,Meal ,scooter ,1,No ,Metropolitian ,(min) 24
0xa8c4 ,COIMBRES12DEL01 ,37,4,11.000762,76.981876,11.010762,76.991876,07-03-2022,11:40:00,11:55:00,conditions Sandstorms,High ,2,Drinks ,scooter ,1,No ,Metropolitian ,(min) 32
0xc630 ,AGRRES08DEL03 ,35,4,27.160934,78.044095,27.220934,78.104095,13-02-2022,23:30:00,23:45:00,conditions Sandstorms,Low ,0,Meal ,motorcycle ,1,No ,Metropolitian ,(min) 24
0xdcd4 ,BHPRES14DEL03 ,38,5,0.0,0.0,0.03,0.03,13-02-2022,21:40:00,21:50:00,conditions Cloudy,Jam ,0,Drinks ,motorcycle ,1,No ,Metropolitian ,(min) 32
0xd29 ,CHENRES07DEL02 ,38,4.9,13.081878,80.248519,13.211878,80.378519,08-03-2022,18:15:00,18:20:00,conditions Windy,Medium ,2,Buffet ,motorcycle ,0,No ,Metropolitian ,(min) 22
0xa44c ,JAPRES12DEL03 ,28,4.7,26.902908,75.792934,27.042908,75.932934,25-03-2022,20:10:00,20:15:00,conditions Fog,Jam ,0,Drinks ,motorcycle ,1,No ,Metropolitian ,(min) 39
0x3761 ,JAPRES16DEL02 ,39,4.6,26.849596,75.800512,26.899596,75.850512,07-03-2022,19:35:00,19:50:00,conditions Fog,Jam ,1,Drinks ,motorcycle ,2,No ,Metropolitian ,(min) 38
0xca30 ,GOARES16DEL02 ,27,4.7,15.498603,73.826911,15.548603,73.876911,17-02-2022,18:50:00,19:00:00,conditions Fog,Medium ,1,Snack ,motorcycle ,0,No ,Metropolitian ,(min) 11
0x3349 ,JAPRES06DEL02 ,20,5,26.911927,75.797282,26.931927,75.817282,21-03-2022,08:45:00,09:00:00,conditions Stormy,Low ,2,Snack ,electric_scooter ,0,No ,Metropolitian ,(min) 14
0x6177 ,CHENRES20DEL03 ,NaN ,NaN ,12.975996,80.221898,13.065996,80.311898,02-04-2022,NaN ,20:45:00,conditions Windy,Jam ,0,Drinks ,motorcycle ,1,No ,Metropolitian ,(min) 32
0xdfd3 ,AURGRES04DEL03 ,27,4.1,19.876106,75.340775,19.966106,75.430775,14-02-2022,21:00:00,21:15:00,conditions Cloudy,Jam ,1,Meal ,scooter ,0,No ,Metropolitian ,(min) 31
0x181d ,SURRES18DEL03 ,23,4.7,21.149834,72.778666,21.209834,72.838666,21-03-2022,20:45:00,20:55:00,conditions Stormy,Jam ,1,Buffet ,scooter ,0,No ,Urban ,(min) 21
0x3674 ,CHENRES14DEL02 ,21,4.8,13.026279,80.174568,13.076279,80.224568,07-03-2022,21:55:00,22:05:00,conditions Fog,Jam ,0,Meal ,motorcycle ,1,No ,Metropolitian ,(min) 26
0x973e ,RANCHIRES03DEL03 ,27,5,0.0,0.0,0.06,0.06,05-03-2022,23:20:00,23:35:00,conditions Windy,Low ,1,Drinks ,motorcycle ,1,NaN ,Metropolitian ,(min) 10
0x4748 ,COIMBRES09DEL01 ,21,4.5,11.008638,76.984311,11.048638,77.024311,28-03-2022,13:30:00,13:40:00,conditions Sunny,High ,0,Buffet ,motorcycle ,1,No ,Urban ,(min) 51
0x9cf7 ,MYSRES11DEL01 ,31,3.9,12.323225,76.630028,12.433225,76.740028,23-03-2022,18:10:00,18:20:00,conditions Windy,Medium ,1,Meal ,motorcycle ,1,No ,Metropolitian ,(min) 38
0xa7e5 ,JAPRES07DEL03 ,39,4.3,26.766536,75.837333,26.826536,75.897333,05-03-2022,19:45:00,19:50:00,conditions Stormy,Jam ,1,Meal ,motorcycle ,2,No ,Metropolitian ,(min) 33
0x5c6a ,MYSRES15DEL03 ,31,5,12.352058,76.60665,12.412058,76.66665,30-03-2022,20:40:00,20:45:00,conditions Cloudy,Jam ,0,Meal ,motorcycle ,0,No ,Urban ,(min) 32
0x76c ,RANCHIRES11DEL01 ,NaN ,NaN ,23.359194,85.325447,23.469194,85.435447,02-04-2022,19:25:00,19:30:00,conditions Sunny,Jam ,1,Snack ,scooter ,1,No ,Metropolitian ,(min) 26
0x930a ,RANCHIRES16DEL02 ,27,4.6,23.371292,85.327872,23.421292,85.377872,11-03-2022,20:35:00,20:50:00,conditions Sunny,Jam ,2,Snack ,electric_scooter ,1,No ,Metropolitian ,(min) 16
0x340c ,VADRES07DEL02 ,22,5,0.0,0.0,0.13,0.13,29-03-2022,21:20:00,21:35:00,conditions Windy,Jam ,1,Buffet ,motorcycle ,1,No ,Metropolitian ,(min) 28
0x9fd0 ,PUNERES14DEL01 ,27,4.5,18.516216,73.842527,18.556216,73.882527,21-03-2022,16:40:00,16:45:00,conditions Windy,Medium ,2,Meal ,electric_scooter ,0,No ,Metropolitian ,(min) 26
0xd5e0 ,LUDHRES12DEL03 ,30,4.9,30.893244,75.821817,30.983244,75.911817,16-02-2022,17:10:00,17:20:00,conditions Sandstorms,Medium ,2,Meal ,scooter ,1,No ,Urban ,(min) 27
0x1778 ,SURRES14DEL01 ,39,4.5,21.157729,72.768726,21.267729,72.878726,29-03-2022,23:35:00,23:50:00,conditions Windy,Low ,2,Snack ,scooter ,0,No ,Urban ,(min) 15
0x5632 ,COIMBRES02DEL02 ,24,5,11.022477,76.995667,11.152477,77.125667,10-03-2022,21:20:00,21:25:00,conditions Sunny,Jam ,1,Snack ,scooter ,0,No ,Urban ,(min) 10
0x15f2 ,CHENRES16DEL02 ,25,4.7,13.049645,80.242268,13.069645,80.262268,03-03-2022,11:50:00,11:55:00,conditions Windy,High ,2,Drinks ,electric_scooter ,0,No ,Metropolitian ,(min) 26
0x3cd5 ,PUNERES17DEL03 ,31,4.3,18.530963,73.828972,18.590963,73.888972,01-04-2022,17:40:00,17:50:00,conditions Cloudy,Medium ,0,Snack ,motorcycle ,1,No ,Metropolitian ,(min) 34
0x3117 ,MYSRES19DEL02 ,24,4.9,12.334022,76.618203,12.464022,76.748203,02-04-2022,22:10:00,22:15:00,conditions Cloudy,Low ,1,Snack ,motorcycle ,1,No ,Metropolitian ,(min) 21
0x87a4 ,MUMRES06DEL01 ,28,4.7,19.055831,72.833984,19.125831,72.903984,06-04-2022,18:20:00,18:30:00,conditions Sunny,Medium ,1,Buffet ,scooter ,1,No ,Metropolitian ,(min) 10
0xdac1 ,KOCRES20DEL02 ,26,4.6,9.979186,76.317361,10.059186,76.397361,18-02-2022,21:00:00,21:15:00,conditions Windy,Jam ,1,Buffet ,motorcycle ,0,No ,Metropolitian ,(min) 25
0x5364 ,VADRES19DEL03 ,29,4.8,22.311844,73.165081,22.371844,73.225081,01-04-2022,19:00:00,19:15:00,conditions Cloudy,Medium ,1,Snack ,scooter ,1,No ,Metropolitian ,(min) 17
0xc41e ,KOLRES15DEL01 ,23,4.8,22.552672,88.352885,22.662672,88.462885,18-02-2022,20:15:00,20:25:00,conditions Stormy,Jam ,2,Snack ,scooter ,1,No ,Urban ,(min) 18
0x237a ,RANCHIRES01DEL01 ,29,4.3,23.416792,85.316842,23.426792,85.326842,26-03-2022,11:15:00,11:25:00,conditions Sandstorms,High ,0,Buffet ,motorcycle ,1,No ,Metropolitian ,(min) 36
0x575e ,CHENRES03DEL01 ,36,4.9,13.091809,80.219104,13.201809,80.329104,16-03-2022,19:40:00,19:50:00,conditions Fog,Jam ,0,Meal ,motorcycle ,0,Yes ,Metropolitian ,(min) 46
0xa789 ,JAPRES010DEL02 ,30,4.7,26.921411,75.793604,27.001411,75.873604,02-04-2022,17:40:00,17:45:00,conditions Stormy,Medium ,1,Snack ,motorcycle ,0,No ,Metropolitian ,(min) 27
0x13fd ,CHENRES13DEL03 ,33,4.5,13.027018,80.254791,13.057018,80.284791,15-03-2022,18:30:00,18:40:00,conditions Sandstorms,Medium ,0,Drinks ,motorcycle ,1,No ,Urban ,(min) 30
0x91e5 ,SURRES06DEL02 ,23,4.9,21.185047,72.80859,21.265047,72.88859,29-03-2022,22:50:00,23:05:00,conditions Sandstorms,Low ,2,Buffet ,scooter ,0,No ,NaN ,(min) 10
0x25aa ,RANCHIRES17DEL02 ,32,4.9,23.374878,85.335739,23.424878,85.385739,01-03-2022,17:45:00,18:00:00,conditions Fog,Medium ,0,Snack ,motorcycle ,1,No ,Metropolitian ,(min) 28
0xe1dc ,KNPRES02DEL02 ,30,5,26.471617,80.313564,26.601617,80.443564,12-02-2022,17:50:00,18:00:00,conditions Stormy,Medium ,2,Buffet ,motorcycle ,0,No ,Urban ,(min) 21
0x7f30 ,BANGRES14DEL03 ,24,4.6,12.949934,77.699386,12.979934,77.729386,19-03-2022,23:35:00,23:40:00,conditions Sandstorms,Low ,2,Snack ,scooter ,1,No ,Metropolitian ,(min) 11
0x3caf ,MYSRES19DEL01 ,25,4.9,12.334022,76.618203,12.404022,76.688203,14-03-2022,20:50:00,20:55:00,conditions Cloudy,Jam ,2,Buffet ,electric_scooter ,2,No ,Metropolitian ,(min) 37
0x943b ,SURRES19DEL01 ,31,4.7,21.149669,72.772629,21.189669,72.812629,07-03-2022,15:25:00,15:40:00,conditions Stormy,Medium ,2,Drinks ,electric_scooter ,1,No ,NaN ,(min) 25
0xd7cb ,LUDHRES03DEL02 ,25,4.8,30.88722,75.804893,30.93722,75.854893,17-02-2022,18:25:00,18:40:00,conditions Cloudy,Medium ,2,Drinks ,motorcycle ,1,No ,Metropolitian ,(min) 16
0x850 ,COIMBRES12DEL01 ,38,4.6,11.000762,76.981876,11.040762,77.021876,05-03-2022,14:45:00,15:00:00,conditions Windy,High ,0,Snack ,motorcycle ,1,No ,Metropolitian ,(min) 33
0x4fa6 ,COIMBRES06DEL03 ,21,4.2,11.021278,76.995017,11.111278,77.085017,10-03-2022,20:35:00,20:40:00,conditions Cloudy,Jam ,1,Buffet ,motorcycle ,0,No ,Metropolitian ,(min) 43
0x53e7 ,PUNERES06DEL02 ,24,4.8,18.546258,73.904337,18.676258,74.034337,06-04-2022,19:55:00,20:05:00,conditions Windy,Jam ,1,Meal ,motorcycle ,1,No ,Metropolitian ,(min) 26
0x9a60 ,VADRES09DEL02 ,38,3.6,0.0,0.0,0.08,0.08,20-03-2022,21:45:00,21:50:00,conditions Stormy,Jam ,2,Drinks ,scooter ,1,No ,Metropolitian ,(min) 34
0x707a ,PUNERES12DEL02 ,21,4.6,18.520016,73.830547,18.600016,73.910547,06-03-2022,21:35:00,21:45:00,conditions Sunny,Jam ,0,Buffet ,motorcycle ,1,No ,Metropolitian ,(min) 26
0x454c ,CHENRES16DEL03 ,34,4.2,13.049645,80.242268,13.139645,80.332268,31-03-2022,21:35:00,21:50:00,conditions Windy,Jam ,2,Meal ,motorcycle ,1,No ,Metropolitian ,(min) 32
0xd5cb ,AURGRES05DEL02 ,20,4.7,19.875522,75.367127,19.895522,75.387127,15-02-2022,11:35:00,11:40:00,conditions Sunny,High ,1,Meal ,scooter ,0,No ,Metropolitian ,(min) 19
0x8a19 ,JAPRES15DEL03 ,37,4.9,26.891191,75.802083,27.031191,75.942083,06-03-2022,17:25:00,17:40:00,conditions Stormy,Medium ,2,Snack ,scooter ,1,No ,Urban ,(min) 28
0x549a ,VADRES010DEL01 ,20,4.1,22.310329,73.169083,22.380329,73.239083,25-03-2022,18:30:00,18:35:00,conditions Cloudy,Medium ,2,Meal ,motorcycle ,1,No ,Metropolitian ,(min) 36
0x83d3 ,MYSRES14DEL02 ,34,4.9,0.0,0.0,0.13,0.13,23-03-2022,19:20:00,19:30:00,conditions Fog,Jam ,0,Meal ,motorcycle ,1,No ,Metropolitian ,(min) 40
0x8c89 ,COIMBRES08DEL01 ,24,4.8,11.001852,76.976268,11.041852,77.016268,15-03-2022,16:55:00,17:00:00,conditions Stormy,Medium ,0,Buffet ,motorcycle ,0,No ,Urban ,(min) 13
0x44d6 ,MYSRES08DEL01 ,36,4.7,12.297954,76.665169,12.407954,76.775169,06-04-2022,23:50:00,00:00:00,conditions Sunny,Low ,0,Meal ,motorcycle ,1,No ,Metropolitian ,(min) 29
0x4427 ,CHENRES16DEL01 ,32,4.2,13.049645,80.242268,13.159645,80.352268,08-03-2022,17:25:00,17:40:00,conditions Cloudy,Medium ,1,Meal ,motorcycle ,0,No ,Urban ,(min) 39
0xb132 ,INDORES06DEL01 ,32,4.8,22.728163,75.884212,22.738163,75.894212,19-03-2022,10:00:00,10:15:00,conditions Cloudy,Low ,2,Buffet ,electric_scooter ,1,No ,Metropolitian ,(min) 19
0x2e10 ,RANCHIRES16DEL01 ,38,4.8,23.371292,85.327872,23.481292,85.437872,04-03-2022,19:30:00,19:45:00,conditions Fog,Jam ,1,Drinks ,scooter ,1,No ,Metropolitian ,(min) 36
0x3b13 ,COIMBRES07DEL01 ,30,4.8,10.96185,76.971082,11.00185,77.011082,09-03-2022,15:25:00,15:35:00,conditions Stormy,Medium ,2,Buffet ,electric_scooter ,1,No ,Urban ,(min) 25
0xd61 ,JAPRES03DEL01 ,NaN ,NaN ,26.913483,75.803139,26.983483,75.873139,04-03-2022,NaN ,18:50:00,conditions Windy,Medium ,1,Snack ,scooter ,0,No ,Metropolitian ,(min) 18
0x9b4e ,INDORES12DEL02 ,28,4.6,22.74806,75.8934,22.82806,75.9734,06-04-2022,18:50:00,19:00:00,conditions Fog,Medium ,1,Snack ,scooter ,1,No ,Metropolitian ,(min) 39
0x9969 ,RANCHIRES16DEL01 ,36,4.6,23.371292,85.327872,23.481292,85.437872,02-03-2022,22:30:00,22:45:00,conditions Fog,Low ,2,Meal ,electric_scooter ,0,No ,Metropolitian ,(min) 25
0x2c68 ,SURRES010DEL01 ,35,3.8,21.17106,72.789292,21.24106,72.859292,25-03-2022,20:15:00,20:20:00,conditions Stormy,Jam ,2,Drinks ,scooter ,1,No ,Metropolitian ,(min) 40
0xd9d ,SURRES04DEL02 ,32,4.5,21.173493,72.801953,21.193493,72.821953,05-03-2022,08:40:00,08:45:00,conditions Fog,Low ,2,Snack ,scooter ,0,No ,Urban ,(min) 18
0x43af ,BANGRES06DEL03 ,21,4.9,12.979096,77.640625,13.039096,77.700625,03-04-2022,18:30:00,18:40:00,conditions Fog,Medium ,2,Buffet ,motorcycle ,1,No ,Metropolitian ,(min) 18
0x1dc0 ,INDORES12DEL01 ,32,4.9,22.74806,75.8934,22.78806,75.9334,03-03-2022,13:20:00,13:35:00,conditions Sunny,High ,0,Buffet ,motorcycle ,0,No ,Metropolitian ,(min) 21
0x620e ,JAPRES15DEL03 ,38,4.9,26.891191,75.802083,26.921191,75.832083,13-03-2022,18:40:00,18:45:00,conditions Stormy,Medium ,1,Drinks ,motorcycle ,0,No ,Metropolitian ,(min) 26
0x3174 ,CHENRES11DEL03 ,36,4.9,13.064181,80.236442,13.094181,80.266442,01-04-2022,21:10:00,21:25:00,conditions Stormy,Jam ,1,Buffet ,scooter ,0,No ,Metropolitian ,(min) 30
0x626a ,COIMBRES09DEL03 ,27,4.8,11.008638,76.984311,11.068638,77.044311,13-03-2022,19:40:00,19:55:00,conditions Sandstorms,Jam ,1,Drinks ,scooter ,1,No ,Metropolitian ,(min) 18
0xdb0d ,LUDHRES13DEL03 ,20,4.4,30.893234,75.82172,30.983234,75.91172,16-02-2022,18:20:00,18:35:00,conditions Windy,Medium ,0,Drinks ,motorcycle ,1,No ,Metropolitian ,(min) 36
0x8516 ,RANCHIRES20DEL03 ,25,4.5,23.39925,85.390464,23.42925,85.420464,19-03-2022,22:45:00,22:50:00,conditions Stormy,Low ,0,Drinks ,motorcycle ,1,No ,Metropolitian ,(min) 21
0xade4 ,PUNERES15DEL02 ,20,4.6,18.636215,73.751081,18.656215,73.771081,03-04-2022,12:00:00,12:15:00,conditions Fog,High ,2,Snack ,electric_scooter ,1,No ,Metropolitian ,(min) 33
0x6f3e ,SURRES11DEL03 ,33,4.2,21.157735,72.768778,21.217735,72.828778,13-03-2022,19:55:00,20:00:00,conditions Stormy,Jam ,0,Snack ,motorcycle ,1,No ,Urban ,(min) 32
0x22c1 ,MYSRES11DEL02 ,37,4.9,12.323225,76.630028,12.453225,76.760028,25-03-2022,17:20:00,17:30:00,conditions Fog,Medium ,0,Snack ,motorcycle ,1,No ,Metropolitian ,(min) 41
0x7e66 ,VADRES06DEL02 ,22,5,22.31279,73.170283,22.36279,73.220283,26-03-2022,20:40:00,20:45:00,conditions Fog,Jam ,1,Buffet ,motorcycle ,2,No ,Metropolitian ,(min) 33
0x3346 ,RANCHIRES05DEL01 ,26,4.9,23.355164,85.324097,23.395164,85.364097,01-04-2022,16:50:00,17:00:00,conditions Fog,Medium ,0,Drinks ,motorcycle ,0,No ,Urban ,(min) 23
0x83d ,PUNERES12DEL01 ,NaN ,NaN ,18.520016,73.830547,18.590016,73.900547,25-03-2022,17:55:00,18:10:00,conditions Stormy,Medium ,0,Snack ,motorcycle ,1,No ,Metropolitian ,(min) 31
0x899a ,HYDRES01DEL01 ,21,4.6,17.410371,78.437225,17.520371,78.547225,10-03-2022,17:50:00,17:55:00,conditions Cloudy,Medium ,0,Meal ,motorcycle ,0,No ,Metropolitian ,(min) 38
0x6000 ,SURRES010DEL02 ,31,4.8,21.17106,72.789292,21.22106,72.839292,11-03-2022,18:00:00,18:15:00,conditions Sunny,Medium ,1,Snack ,scooter ,0,No ,Urban ,(min) 18
0xbe78 ,BANGRES15DEL02 ,29,4.5,12.975377,77.696664,13.055377,77.776664,31-03-2022,22:25:00,22:40:00,conditions Windy,Low ,1,Snack ,scooter ,0,No ,Urban ,(min) 13
0x408f ,SURRES19DEL01 ,26,4.7,21.149669,72.772629,21.219669,72.842629,25-03-2022,21:40:00,21:55:00,conditions Sunny,Jam ,2,Drinks ,scooter ,1,No ,Metropolitian ,(min) 24
0x76b9 ,BANGRES010DEL02 ,24,4.7,12.933298,77.614293,13.063298,77.744293,16-03-2022,20:45:00,20:50:00,conditions Windy,Jam ,0,Buffet ,motorcycle ,1,No ,Metropolitian ,(min) 25
0x1c77 ,RANCHIRES07DEL02 ,27,4.8,23.359407,85.325055,23.409407,85.375055,09-03-2022,17:10:00,17:15:00,conditions Cloudy,Medium ,2,Meal ,electric_scooter ,0,No ,Metropolitian ,(min) 19
0xacf ,MYSRES08DEL01 ,20,4.9,12.297954,76.665169,12.367954,76.735169,18-03-2022,18:10:00,18:20:00,conditions Sunny,Medium ,1,Drinks ,scooter ,1,No ,Metropolitian ,(min) 19
0x3191 ,PUNERES01DEL01 ,20,4.9,18.569156,73.774723,18.609156,73.814723,13-03-2022,15:25:00,15:40:00,conditions Windy,Medium ,1,Drinks ,scooter ,0,No ,Metropolitian ,(min) 23
0x4fcd ,INDORES010DEL01 ,39,4.1,22.75004,75.902847,22.86004,76.012847,06-04-2022,20:50:00,21:05:00,conditions Fog,Jam ,2,Drinks ,scooter ,1,No ,Metropolitian ,(min) 35
0x8b7d ,SURRES15DEL01 ,20,4.6,21.160522,72.771477,21.270522,72.881477,06-04-2022,21:30:00,21:40:00,conditions Fog,Jam ,2,Drinks ,motorcycle ,0,No ,Metropolitian ,(min) 42
0x3596 ,VADRES08DEL01 ,34,4.7,0.0,0.0,0.01,0.01,28-03-2022,12:00:00,12:05:00,conditions Windy,High ,1,Drinks ,motorcycle ,0,No ,Metropolitian ,(min) 33
0x4852 ,MYSRES010DEL02 ,36,3.6,12.321214,76.621094,12.401214,76.701094,29-03-2022,20:55:00,21:05:00,conditions Windy,Jam ,1,Snack ,motorcycle ,0,No ,Metropolitian ,(min) 41
0xbb50 ,MYSRES03DEL01 ,26,5,12.299524,76.64262,12.309524,76.65262,19-03-2022,11:00:00,11:15:00,conditions Sandstorms,Low ,2,Drinks ,scooter ,1,No ,Metropolitian ,(min) 17
0x33cb ,RANCHIRES02DEL01 ,36,4.5,0.0,0.0,0.11,0.11,20-03-2022,17:45:00,18:00:00,conditions Stormy,Medium ,2,Meal ,scooter ,1,No ,Metropolitian ,(min) 33
0xa3f3 ,VADRES14DEL03 ,22,4,22.311603,73.165012,22.341603,73.195012,05-03-2022,22:35:00,22:40:00,conditions Sandstorms,Low ,0,Meal ,motorcycle ,0,No ,Metropolitian ,(min) 29
0x5558 ,CHENRES09DEL02 ,39,3.6,13.044694,80.26147,13.124694,80.34147,04-04-2022,19:20:00,19:25:00,conditions Windy,Jam ,1,Drinks ,scooter ,1,No ,Metropolitian ,(min) 42
0xc76e ,KNPRES17DEL02 ,31,3.2,26.483042,80.317833,26.563042,80.397833,16-02-2022,23:40:00,23:50:00,conditions Sunny,Low ,0,Snack ,motorcycle ,1,No ,Metropolitian ,(min) 32
0x59a ,INDORES08DEL03 ,NaN ,NaN ,-22.725748,75.898497,22.755747,75.928497,21-03-2022,NaN ,22:05:00,conditions Stormy,Jam ,1,Buffet ,scooter ,1,No ,Metropolitian ,(min) 16
0x7046 ,CHENRES15DEL02 ,35,4.1,13.026286,80.275235,13.156286,80.405235,02-03-2022,23:30:00,23:45:00,conditions Cloudy,Low ,0,Meal ,motorcycle ,0,No ,Urban ,(min) 39
0x1ac8 ,JAPRES010DEL03 ,31,4.7,26.921411,75.793604,26.981411,75.853604,01-04-2022,22:35:00,22:50:00,conditions Fog,Low ,1,Drinks ,scooter ,0,No ,Urban ,(min) 15
0x20a9 ,MYSRES02DEL01 ,31,4,12.304569,76.643622,12.374569,76.713622,04-04-2022,18:10:00,18:15:00,conditions Cloudy,Medium ,1,Meal ,scooter ,2,No ,Metropolitian ,(min) 37
0x47af ,VADRES04DEL03 ,20,4.7,0.0,0.0,0.03,0.03,01-03-2022,18:25:00,18:35:00,conditions Fog,Medium ,2,Buffet ,motorcycle ,0,No ,Urban ,(min) 17
0xbdf0 ,VADRES18DEL01 ,31,4.3,0.0,0.0,0.07,0.07,31-03-2022,21:20:00,21:35:00,conditions Fog,Jam ,1,Snack ,motorcycle ,1,No ,Metropolitian ,(min) 38
0xe0e4 ,ALHRES08DEL02 ,27,4.8,25.450329,81.834279,25.580329,81.964279,12-02-2022,22:45:00,23:00:00,conditions Cloudy,Low ,1,Snack ,scooter ,1,No ,Metropolitian ,(min) 26
0x9e79 ,JAPRES11DEL03 ,31,4.6,26.90294,75.793007,26.99294,75.883007,06-04-2022,22:20:00,22:30:00,conditions Sandstorms,Low ,2,Drinks ,motorcycle ,1,No ,Urban ,(min) 17
0xc5ae ,AURGRES06DEL01 ,37,4,19.874449,75.360232,19.914449,75.400232,15-02-2022,14:45:00,14:50:00,conditions Windy,High ,0,Buffet ,motorcycle ,1,No ,Metropolitian ,(min) 43
0x98e0 ,COIMBRES06DEL02 ,37,4.8,11.021278,76.995017,11.101278,77.075017,08-03-2022,21:40:00,21:45:00,conditions Stormy,Jam ,1,Snack ,motorcycle ,1,No ,Metropolitian ,(min) 27
0x6606 ,VADRES11DEL02 ,38,4.6,22.308096,73.167753,22.328096,73.187753,26-03-2022,08:30:00,08:45:00,conditions Windy,Low ,2,Buffet ,electric_scooter ,1,No ,Metropolitian ,(min) 25
0xa8db ,RANCHIRES12DEL03 ,33,4.6,0.0,0.0,0.09,0.09,25-03-2022,18:25:00,18:40:00,conditions Fog,Medium ,0,Meal ,motorcycle ,3,Yes ,Metropolitian ,(min) 47
0x73d4 ,CHENRES01DEL01 ,30,4.8,13.005801,80.250744,13.015801,80.260744,21-03-2022,10:55:00,11:10:00,conditions Windy,Low ,1,Drinks ,scooter ,1,No ,Metropolitian ,(min) 27
0x3ea5 ,CHENRES010DEL03 ,24,4.8,13.066762,80.251865,13.126762,80.311865,01-03-2022,23:35:00,23:45:00,conditions Sunny,Low ,2,Meal ,scooter ,0,No ,Metropolitian ,(min) 24
0x62b7 ,BANGRES19DEL03 ,23,4.8,12.914264,77.6784,12.944264,77.7084,09-03-2022,18:10:00,18:20:00,conditions Sandstorms,Medium ,0,Meal ,motorcycle ,1,No ,Metropolitian ,(min) 28
0x7c97 ,COIMBRES03DEL02 ,24,2.8,11.025083,77.015393,11.105083,77.095393,18-03-2022,22:55:00,23:05:00,conditions Sunny,Low ,2,Buffet ,scooter ,1,No ,Metropolitian ,(min) 42
0x10b1 ,HYDRES02DEL01 ,33,4.6,17.41233,78.449654,17.48233,78.519654,08-03-2022,18:00:00,18:10:00,conditions Cloudy,Medium ,2,Snack ,motorcycle ,1,No ,Urban ,(min) 39
0x6c52 ,JAPRES19DEL02 ,30,3.8,26.913726,75.75282,27.043726,75.88282,16-03-2022,18:10:00,18:20:00,conditions Sandstorms,Medium ,1,Buffet ,motorcycle ,1,No ,Metropolitian ,(min) 39
0x37e3 ,INDORES05DEL02 ,37,4.3,22.727021,75.884167,22.747021,75.904167,21-03-2022,11:20:00,11:30:00,conditions Fog,High ,2,Buffet ,electric_scooter ,1,No ,Metropolitian ,(min) 39
0x9bee ,MYSRES02DEL01 ,28,4.7,12.304569,76.643622,12.344569,76.683622,05-04-2022,16:00:00,16:15:00,conditions Cloudy,Medium ,0,Drinks ,motorcycle ,0,No ,Metropolitian ,(min) 25
0xb1bc ,MYSRES12DEL02 ,27,4.9,12.284747,76.625861,12.334747,76.675861,15-03-2022,19:10:00,19:20:00,conditions Windy,Jam ,1,Snack ,scooter ,0,No ,Metropolitian ,(min) 15
0xa0b4 ,BANGRES05DEL01 ,32,4.8,12.970324,77.645748,13.040324,77.715748,02-03-2022,22:50:00,23:00:00,conditions Windy,Low ,1,Meal ,motorcycle ,1,No ,Metropolitian ,(min) 16
0x3cd8 ,COIMBRES15DEL01 ,38,3.7,11.006686,76.951736,11.076686,77.021736,06-04-2022,18:35:00,18:50:00,conditions Sandstorms,Medium ,2,Meal ,electric_scooter ,0,No ,Metropolitian ,(min) 35
0x3d50 ,MUMRES010DEL03 ,36,4.9,19.003517,72.82765,19.093517,72.91765,16-03-2022,17:55:00,18:10:00,conditions Sandstorms,Medium ,1,Meal ,scooter ,0,No ,Metropolitian ,(min) 22
0xdcaa ,AURGRES03DEL02 ,36,5,19.874733,75.353942,19.954733,75.433942,14-02-2022,19:35:00,19:40:00,conditions Sandstorms,Jam ,0,Meal ,motorcycle ,2,No ,Metropolitian ,(min) 43
0xb6bd ,JAPRES05DEL03 ,36,4.7,26.905287,75.794592,27.045287,75.934592,31-03-2022,21:50:00,21:55:00,conditions Cloudy,Jam ,0,Meal ,motorcycle ,0,Yes ,Metropolitian ,(min) 45
0x15d4 ,SURRES010DEL01 ,34,4.9,21.17106,72.789292,21.24106,72.859292,04-03-2022,20:15:00,20:30:00,conditions Stormy,Jam ,0,Snack ,motorcycle ,1,No ,Metropolitian ,(min) 37
0x53e1 ,MUMRES13DEL01 ,21,2.9,19.178321,72.834715,19.288321,72.944715,06-03-2022,23:30:00,23:40:00,conditions Sunny,Low ,1,Drinks ,scooter ,0,No ,Metropolitian ,(min) 40
0xad55 ,JAPRES17DEL02 ,20,4.9,26.892312,75.806896,27.022313,75.936896,04-03-2022,23:30:00,23:35:00,conditions Sandstorms,Low ,1,Buffet ,motorcycle ,0,No ,Metropolitian ,(min) 11
0x878a ,RANCHIRES010DEL02 ,36,4.5,23.354422,85.3329,23.484422,85.4629,16-03-2022,20:15:00,20:25:00,conditions Stormy,Jam ,1,Snack ,scooter ,1,No ,Metropolitian ,(min) 33
0x1f1e ,JAPRES18DEL02 ,34,5,26.913987,75.752891,26.933987,75.772891,28-03-2022,10:35:00,10:50:00,conditions Stormy,Low ,1,Meal ,scooter ,1,No ,Metropolitian ,(min) 26
0x2cf3 ,MUMRES15DEL03 ,27,5,19.176269,72.836721,19.266269,72.926721,16-03-2022,17:15:00,17:25:00,conditions Windy,Medium ,0,Meal ,motorcycle ,0,No ,Metropolitian ,(min) 39
0xd213 ,DEHRES07DEL02 ,28,4.7,30.362686,78.06889,30.382686,78.08889,15-02-2022,08:25:00,08:40:00,conditions Sunny,Low ,2,Buffet ,scooter ,0,No ,Urban ,(min) 22
0x7330 ,RANCHIRES14DEL03 ,36,4.2,0.0,0.0,0.09,0.09,06-03-2022,17:55:00,18:00:00,conditions Windy,Medium ,2,Snack ,scooter ,0,No ,Metropolitian ,(min) 34
0xa42b ,RANCHIRES17DEL03 ,35,4.8,23.374878,85.335739,23.464878,85.425739,31-03-2022,21:40:00,21:55:00,conditions Sandstorms,Jam ,2,Buffet ,electric_scooter ,1,No ,Urban ,(min) 27
0xe1a ,INDORES03DEL02 ,32,3.7,22.751857,75.866699,22.831857,75.946699,02-03-2022,19:15:00,19:20:00,conditions Sandstorms,Jam ,1,Drinks ,scooter ,2,No ,Metropolitian ,(min) 42
0xbab2 ,MYSRES05DEL01 ,35,4.2,12.323978,76.627961,12.393978,76.697961,08-03-2022,19:10:00,19:25:00,conditions Sandstorms,Jam ,0,Snack ,motorcycle ,2,No ,Metropolitian ,(min) 51
0x33f8 ,RANCHIRES18DEL03 ,21,5,23.351489,85.324253,23.441489,85.414253,20-03-2022,18:30:00,18:45:00,conditions Cloudy,Medium ,0,Buffet ,motorcycle ,1,No ,Metropolitian ,(min) 32
0xbad9 ,CHENRES19DEL03 ,33,5,12.986047,80.218114,13.046047,80.278114,09-03-2022,19:00:00,19:10:00,conditions Cloudy,Medium ,1,Snack ,scooter ,0,No ,Urban ,(min) 17
0x7769 ,MUMRES06DEL03 ,27,4.7,19.055831,72.833984,19.115831,72.893984,01-03-2022,23:00:00,23:05:00,conditions Stormy,Low ,1,Buffet ,scooter ,1,No ,Metropolitian ,(min) 15
0x6cfe ,JAPRES11DEL02 ,34,4.2,26.90294,75.793007,27.03294,75.923007,02-03-2022,19:10:00,19:20:00,conditions Cloudy,Jam ,1,Drinks ,scooter ,2,No ,Metropolitian ,(min) 40
0x99e2 ,MUMRES19DEL01 ,30,4.9,19.131141,72.813074,19.14114,72.823074,26-03-2022,08:55:00,09:05:00,conditions Cloudy,Low ,2,Drinks ,motorcycle ,1,No ,Metropolitian ,(min) 17
0x58a3 ,CHENRES13DEL01 ,24,4.5,13.027018,80.254791,13.067018,80.294791,24-03-2022,15:30:00,15:35:00,conditions Stormy,Medium ,2,Buffet ,scooter ,1,No ,Metropolitian ,(min) 23
0xb5d ,VADRES11DEL02 ,35,4.1,22.308096,73.167753,22.388096,73.247753,14-03-2022,19:10:00,19:20:00,conditions Sunny,Jam ,0,Buffet ,motorcycle ,1,No ,Metropolitian ,(min) 44
0x22df ,RANCHIRES04DEL01 ,37,4.7,23.359033,85.325347,23.429033,85.395347,02-03-2022,21:10:00,21:15:00,conditions Fog,Jam ,2,Snack ,scooter ,0,No ,Metropolitian ,(min) 44
0x57cd ,CHENRES09DEL03 ,25,4.9,13.044694,80.26147,13.104694,80.32147,01-03-2022,18:00:00,18:05:00,conditions Sunny,Medium ,1,Drinks ,motorcycle ,1,No ,NaN ,(min) 14
0xc92e ,ALHRES20DEL03 ,22,4.3,25.454697,81.834492,25.484697,81.864492,11-02-2022,19:10:00,19:25:00,conditions Fog,Jam ,1,Buffet ,motorcycle ,1,No ,Metropolitian ,(min) 32
0x6cd ,SURRES07DEL02 ,26,4.7,21.170798,72.790489,21.250798,72.870489,12-03-2022,20:00:00,20:05:00,conditions Fog,Jam ,2,Buffet ,motorcycle ,1,No ,Urban ,(min) 31
0x9f9a ,VADRES15DEL01 ,32,4.3,0.0,0.0,0.01,0.01,07-03-2022,09:30:00,09:35:00,conditions Stormy,Low ,0,Meal ,motorcycle ,NaN ,No ,Metropolitian ,(min) 28
0x25db ,CHENRES02DEL02 ,30,4.8,13.086438,80.220672,13.166438,80.300672,18-03-2022,20:40:00,20:45:00,conditions Fog,Jam ,0,Meal ,motorcycle ,1,No ,Metropolitian ,(min) 48
0xbd93 ,PUNERES07DEL02 ,27,5,18.546947,73.900626,18.626947,73.980626,20-03-2022,21:35:00,21:50:00,conditions Stormy,Jam ,1,Snack ,scooter ,0,No ,Metropolitian ,(min) 15
0x9e41 ,HYDRES17DEL03 ,37,4.9,17.451976,78.385883,17.511976,78.445883,17-03-2022,21:30:00,21:45:00,conditions Windy,Jam ,0,Snack ,motorcycle ,1,No ,Metropolitian ,(min) 41
0x622d ,JAPRES13DEL02 ,20,4.9,26.846156,75.8023,26.976156,75.9323,06-03-2022,21:55:00,22:00:00,conditions Sunny,Jam ,0,Buffet ,motorcycle ,1,No ,Urban ,(min) 17
0xafa4 ,SURRES13DEL01 ,24,4.5,21.170096,72.789122,21.180096,72.799122,26-03-2022,11:40:00,11:55:00,conditions Stormy,High ,1,Meal ,scooter ,0,No ,Urban ,(min) 11
0x41b3 ,MYSRES15DEL01 ,20,4.6,12.352058,76.60665,12.422058,76.67665,20-03-2022,23:20:00,23:35:00,conditions Stormy,Low ,1,Meal ,motorcycle ,0,No ,Urban ,(min) 17
0x74d5 ,INDORES11DEL01 ,22,4.1,22.751234,75.88949,22.761234,75.89949,09-03-2022,08:15:00,08:25:00,conditions Windy,Low ,0,Snack ,motorcycle ,1,No ,Metropolitian ,(min) 26
0xcc34 ,DEHRES05DEL02 ,30,4.6,30.346994,78.062543,30.396994,78.112543,11-02-2022,18:55:00,19:00:00,conditions Fog,Medium ,2,Buffet ,scooter ,0,No ,Metropolitian ,(min) 19
0xa75f ,MYSRES010DEL01 ,38,4.4,12.321214,76.621094,12.431214,76.731094,04-04-2022,21:30:00,21:40:00,conditions Sunny,Jam ,2,Buffet ,scooter ,1,No ,Metropolitian ,(min) 32
0xd1ef ,BHPRES01DEL02 ,38,4.6,23.211529,77.419399,23.341529,77.549399,16-02-2022,23:35:00,23:45:00,conditions Stormy,Low ,1,Meal ,scooter ,NaN ,No ,Metropolitian ,(min) 16
0xad5d ,SURRES04DEL01 ,36,3.2,21.173493,72.801953,21.283493,72.911953,12-03-2022,23:00:00,23:05:00,conditions Sunny,Low ,0,Drinks ,motorcycle ,1,No ,Urban ,(min) 32
0x6d72 ,SURRES04DEL02 ,20,4.7,21.173493,72.801953,21.223493,72.851953,26-03-2022,21:10:00,21:25:00,conditions Cloudy,Jam ,0,Buffet ,motorcycle ,1,No ,Metropolitian ,(min) 27
0xd72d ,AGRRES19DEL03 ,36,4.9,0.0,0.0,0.06,0.06,13-02-2022,22:30:00,22:40:00,conditions Cloudy,Low ,2,Snack ,scooter ,0,No ,Urban ,(min) 18
0x56c6 ,MUMRES18DEL02 ,28,5,19.1093,72.825451,19.2393,72.955451,04-04-2022,18:20:00,18:25:00,conditions Sunny,Medium ,2,Drinks ,scooter ,0,No ,Metropolitian ,(min) 11
0xade1 ,PUNERES13DEL02 ,21,4.8,18.56245,73.916619,18.61245,73.966619,11-03-2022,20:55:00,21:00:00,conditions Cloudy,Jam ,1,Drinks ,motorcycle ,1,No ,Metropolitian ,(min) 29
0xba51 ,COIMBRES16DEL03 ,31,4.7,11.010375,76.95295,11.040375,76.98295,03-04-2022,20:15:00,20:30:00,conditions Stormy,Jam ,1,Drinks ,scooter ,1,No ,Urban ,(min) 25
0x61f2 ,MUMRES14DEL02 ,25,4.8,19.1813,72.836191,19.2013,72.856191,03-04-2022,10:15:00,10:30:00,conditions Fog,Low ,2,Drinks ,motorcycle ,0,No ,Metropolitian ,(min) 12
0xc295 ,KNPRES09DEL02 ,39,4.7,26.473698,80.352677,26.523698,80.402677,17-02-2022,20:00:00,20:05:00,conditions Cloudy,Jam ,2,Meal ,motorcycle ,1,No ,Metropolitian ,(min) 27
0x6be3 ,JAPRES06DEL01 ,23,5,26.911927,75.797282,26.981927,75.867282,23-03-2022,20:30:00,20:40:00,conditions Cloudy,Jam ,1,Meal ,scooter ,1,No ,Metropolitian ,(min) 44
0xbff3 ,GOARES17DEL03 ,24,4.5,15.496162,73.825364,15.556162,73.885364,17-02-2022,19:35:00,19:40:00,conditions Sandstorms,Jam ,1,Drinks ,scooter ,0,No ,Metropolitian ,(min) 10
0x3c4d ,MUMRES07DEL01 ,39,4.6,19.091458,72.827808,19.201458,72.937808,25-03-2022,22:10:00,22:15:00,conditions Stormy,Low ,2,Snack ,scooter ,0,No ,Metropolitian ,(min) 25
0x4666 ,HYDRES20DEL01 ,25,4.8,17.483216,78.552111,17.593216,78.662111,04-03-2022,17:15:00,17:20:00,conditions Sandstorms,Medium ,0,Drinks ,motorcycle ,0,No ,Metropolitian ,(min) 26
0x5dcd ,HYDRES01DEL01 ,24,4.8,17.410371,78.437225,17.520371,78.547225,04-03-2022,21:15:00,21:20:00,conditions Sandstorms,Jam ,2,Snack ,scooter ,1,No ,Metropolitian ,(min) 22
0xb280 ,MYSRES05DEL02 ,34,4.4,12.323978,76.627961,12.343978,76.647961,24-03-2022,09:50:00,10:05:00,conditions Stormy,Low ,0,Drinks ,motorcycle ,0,No ,Metropolitian ,(min) 21
0x59cd ,JAPRES12DEL01 ,23,4.6,26.902908,75.792934,26.912908,75.802934,05-03-2022,10:00:00,10:05:00,conditions Windy,Low ,1,Meal ,motorcycle ,0,No ,Metropolitian ,(min) 10
0x4a46 ,HYDRES01DEL02 ,39,4.5,17.410371,78.437225,17.430371,78.457225,15-03-2022,10:45:00,10:55:00,conditions Sandstorms,Low ,1,Meal ,motorcycle ,1,No ,Urban ,(min) 23
0xc909 ,KOCRES010DEL02 ,36,5,10.035573,76.336958,10.085573,76.386958,11-02-2022,19:35:00,19:50:00,conditions Sunny,Jam ,2,Snack ,motorcycle ,1,No ,Metropolitian ,(min) 19
0x99f0 ,RANCHIRES01DEL01 ,26,4.8,23.416792,85.316842,23.456792,85.356842,28-03-2022,12:40:00,12:55:00,conditions Windy,High ,1,Meal ,scooter ,0,No ,Metropolitian ,(min) 17
0x8e6d ,SURRES08DEL02 ,39,4.6,21.173343,72.792731,21.303343,72.922731,29-03-2022,20:10:00,20:20:00,conditions Sunny,Jam ,1,Snack ,motorcycle ,1,No ,Metropolitian ,(min) 17
0x508 ,PUNERES12DEL02 ,NaN ,NaN ,-18.520016,-73.830547,18.570016,73.880547,13-03-2022,NaN ,23:50:00,conditions NaN,NaN ,3,Buffet ,scooter ,1,No ,Metropolitian ,(min) 30
0x32d6 ,RANCHIRES11DEL01 ,NaN ,NaN ,23.359194,85.325447,23.469194,85.435447,31-03-2022,22:45:00,22:55:00,conditions Stormy,Low ,1,Buffet ,scooter ,1,No ,Metropolitian ,(min) 27
0xe0b4 ,KOCRES04DEL01 ,27,5,9.966783,76.242981,10.076783,76.352981,18-02-2022,22:00:00,22:10:00,conditions Stormy,Jam ,1,Snack ,scooter ,1,No ,Metropolitian ,(min) 22
0xda29 ,KOCRES01DEL03 ,39,4.3,9.979363,76.285001,10.069363,76.375001,18-02-2022,23:30:00,23:40:00,conditions Cloudy,Low ,0,Buffet ,motorcycle ,1,No ,Metropolitian ,(min) 43
0x2090 ,JAPRES17DEL03 ,33,4.2,26.892312,75.806896,26.922313,75.836896,11-03-2022,20:10:00,20:15:00,conditions Cloudy,Jam ,2,Meal ,motorcycle ,1,No ,Metropolitian ,(min) 39
0x4060 ,RANCHIRES010DEL03 ,38,4.8,23.354422,85.3329,23.414422,85.3929,28-03-2022,19:00:00,19:10:00,conditions Sunny,Medium ,2,Buffet ,motorcycle ,0,No ,Metropolitian ,(min) 15
0xba3e ,RANCHIRES02DEL02 ,39,4.3,0.0,0.0,0.13,0.13,10-03-2022,21:20:00,21:30:00,conditions Cloudy,Jam ,1,Drinks ,motorcycle ,NaN ,No ,Metropolitian ,(min) 40
0x23e1 ,PUNERES16DEL01 ,24,4.9,18.536718,73.830327,18.606718,73.900327,02-03-2022,23:30:00,23:45:00,conditions Windy,Low ,0,Snack ,motorcycle ,1,No ,Urban ,(min) 15
0x6e59 ,VADRES04DEL02 ,30,4.8,0.0,0.0,0.13,0.13,14-03-2022,21:55:00,22:10:00,conditions Windy,Jam ,0,Meal ,motorcycle ,0,No ,Metropolitian ,(min) 42
0x6dce ,RANCHIRES07DEL03 ,32,4.7,23.359407,85.325055,23.389407,85.355055,30-03-2022,23:10:00,23:20:00,conditions Fog,Low ,0,Meal ,motorcycle ,1,No ,Metropolitian ,(min) 24
0xb7ff ,BANGRES07DEL01 ,32,4.1,12.978453,77.643685,13.088453,77.753685,06-04-2022,23:55:00,00:00:00,conditions Cloudy,Low ,0,Meal ,motorcycle ,2,No ,Metropolitian ,(min) 40
0x2be3 ,HYDRES09DEL01 ,29,5,17.431668,78.408321,17.501668,78.478321,02-03-2022,19:15:00,19:25:00,conditions Cloudy,Jam ,0,Snack ,motorcycle ,2,No ,Metropolitian ,(min) 48
0x698 ,MYSRES15DEL02 ,NaN ,NaN ,12.352058,76.60665,12.402058,76.65665,03-04-2022,NaN ,19:20:00,conditions NaN,NaN ,3,Snack ,scooter ,0,No ,Metropolitian ,(min) 27
0x305a ,MYSRES11DEL01 ,35,4.8,12.323225,76.630028,12.363225,76.670028,05-03-2022,12:45:00,13:00:00,conditions Sunny,High ,0,Buffet ,motorcycle ,1,No ,Metropolitian ,(min) 20
0x8b74 ,COIMBRES06DEL01 ,28,4.6,11.021278,76.995017,11.061278,77.035017,05-04-2022,12:40:00,12:55:00,conditions Sandstorms,High ,1,Meal ,scooter ,1,No ,Metropolitian ,(min) 22
0x6dd3 ,INDORES01DEL02 ,28,5,22.695207,75.866059,22.745207,75.916059,30-03-2022,17:50:00,17:55:00,conditions Windy,Medium ,2,Drinks ,motorcycle ,1,No ,Metropolitian ,(min) 28
0x224e ,SURRES08DEL01 ,21,4.8,21.173343,72.792731,21.243343,72.862731,04-03-2022,18:55:00,19:05:00,conditions Stormy,Medium ,0,Snack ,motorcycle ,0,No ,Urban ,(min) 33
0xa363 ,HYDRES17DEL03 ,21,4.7,17.451976,78.385883,17.481976,78.415883,11-03-2022,21:35:00,21:45:00,conditions Sandstorms,Jam ,0,Drinks ,motorcycle ,0,No ,Metropolitian ,(min) 24
0x9a52 ,RANCHIRES19DEL03 ,20,4.9,23.333017,85.3172,23.423017,85.4072,18-03-2022,17:15:00,17:30:00,conditions Windy,Medium ,2,Snack ,scooter ,1,No ,Metropolitian ,(min) 27
0xd561 ,KOLRES06DEL03 ,36,4.6,22.533662,88.366217,22.593662,88.426217,17-02-2022,23:25:00,23:40:00,conditions Fog,Low ,2,Drinks ,scooter ,1,No ,Metropolitian ,(min) 19
0x3acd ,JAPRES12DEL02 ,39,4.8,26.902908,75.792934,26.952908,75.842934,26-03-2022,19:25:00,19:30:00,conditions Sunny,Jam ,2,Drinks ,electric_scooter ,1,No ,Metropolitian ,(min) 20
0xcb98 ,ALHRES17DEL02 ,31,4.8,25.45235,81.841889,25.50235,81.891889,13-02-2022,18:15:00,18:25:00,conditions Windy,Medium ,1,Meal ,motorcycle ,0,No ,Metropolitian ,(min) 26
0x55a7 ,JAPRES13DEL03 ,24,4.9,26.846156,75.8023,26.906156,75.8623,09-03-2022,22:40:00,22:55:00,conditions Stormy,Low ,2,Snack ,scooter ,0,No ,Metropolitian ,(min) 13
0x253b ,RANCHIRES11DEL02 ,25,4.6,23.359194,85.325447,23.439194,85.405447,06-03-2022,19:30:00,19:35:00,conditions Windy,Jam ,0,Meal ,motorcycle ,0,No ,Metropolitian ,(min) 25
0x7521 ,COIMBRES19DEL03 ,32,4.7,11.022298,76.998349,11.112298,77.088349,06-04-2022,22:50:00,23:05:00,conditions Sandstorms,Low ,1,Drinks ,scooter ,1,No ,Metropolitian ,(min) 26
0xd6dd ,BHPRES13DEL03 ,23,4.8,23.230791,77.43702,23.260791,77.46702,11-02-2022,18:50:00,19:00:00,conditions Windy,Medium ,2,Buffet ,motorcycle ,0,No ,Metropolitian ,(min) 22
0x81cd ,VADRES17DEL01 ,30,5,0.0,0.0,0.04,0.04,19-03-2022,13:10:00,13:25:00,conditions Stormy,High ,2,Snack ,motorcycle ,1,No ,Metropolitian ,(min) 31
0x7713 ,CHENRES16DEL03 ,36,4.2,13.049645,80.242268,13.139645,80.332268,02-04-2022,17:55:00,18:05:00,conditions Sandstorms,Medium ,2,Buffet ,scooter ,2,No ,Urban ,(min) 38
0x4188 ,JAPRES11DEL03 ,23,4.7,26.90294,75.793007,26.99294,75.883007,27-03-2022,19:15:00,19:30:00,conditions Cloudy,Jam ,0,Meal ,motorcycle ,1,No ,Metropolitian ,(min) 37
0x1ee3 ,BANGRES08DEL01 ,28,4.5,12.906229,77.596791,12.946229,77.636791,07-03-2022,13:30:00,13:45:00,conditions Stormy,High ,2,Snack ,scooter ,0,No ,Metropolitian ,(min) 13
0x526e ,PUNERES08DEL01 ,25,4.6,18.53408,73.89852,18.60408,73.96852,20-03-2022,19:00:00,19:05:00,conditions Stormy,Medium ,0,Meal ,motorcycle ,0,No ,Metropolitian ,(min) 22
0xa516 ,INDORES13DEL02 ,22,4.6,22.745049,75.892471,22.875049,76.022471,20-03-2022,18:35:00,18:40:00,conditions Stormy,Medium ,2,Buffet ,scooter ,0,No ,Metropolitian ,(min) 16
0x50f7 ,COIMBRES16DEL01 ,24,4.5,11.010375,76.95295,11.050375,76.99295,17-03-2022,16:10:00,16:25:00,conditions Windy,Medium ,0,Buffet ,motorcycle ,1,No ,Metropolitian ,(min) 17
0xd7c2 ,AGRRES18DEL03 ,23,4.7,27.161694,78.034714,27.251694,78.124714,16-02-2022,22:10:00,22:25:00,conditions Sandstorms,Low ,0,Snack ,motorcycle ,1,No ,Metropolitian ,(min) 17
0x5cf ,VADRES02DEL02 ,NaN ,NaN ,0.0,0.0,0.05,0.05,03-04-2022,NaN ,18:40:00,conditions Cloudy,Medium ,1,Meal ,scooter ,0,No ,Urban ,(min) 13
0x63a0 ,MUMRES18DEL02 ,22,4.8,19.1093,72.825451,19.1293,72.845451,05-03-2022,08:15:00,08:25:00,conditions Sandstorms,Low ,1,Snack ,scooter ,1,No ,Urban ,(min) 13
0x14c7 ,VADRES09DEL02 ,20,4.6,0.0,0.0,0.13,0.13,31-03-2022,22:30:00,22:45:00,conditions Sandstorms,Low ,1,Buffet ,motorcycle ,0,No ,Urban ,(min) 14
0xe017 ,KOCRES06DEL01 ,23,4.9,9.982834,76.283268,9.992834,76.293268,11-02-2022,09:15:00,09:20:00,conditions Cloudy,Low ,0,Snack ,motorcycle ,0,No ,Metropolitian ,(min) 24
0xa6d8 ,MUMRES02DEL03 ,30,4.6,19.221315,72.862381,19.311315,72.952381,18-03-2022,19:00:00,19:05:00,conditions Cloudy,Medium ,0,Buffet ,motorcycle ,2,Yes ,Metropolitian ,(min) 49
0x2a2f ,SURRES13DEL01 ,26,4.7,21.170096,72.789122,21.240096,72.859122,29-03-2022,23:30:00,23:40:00,conditions Sunny,Low ,2,Buffet ,electric_scooter ,1,No ,Metropolitian ,(min) 25
0x6ad9 ,MYSRES11DEL01 ,32,4.7,12.323225,76.630028,12.333225,76.640028,01-04-2022,09:00:00,09:05:00,conditions Windy,Low ,1,Drinks ,motorcycle ,0,No ,Metropolitian ,(min) 22
0xbed1 ,JAPRES04DEL01 ,23,4.7,26.902328,75.794257,26.972328,75.864257,14-03-2022,22:00:00,22:10:00,conditions Cloudy,Jam ,1,Snack ,motorcycle ,1,No ,Urban ,(min) 38
0x5e1f ,VADRES16DEL02 ,31,4.1,0.0,0.0,0.13,0.13,31-03-2022,17:50:00,18:05:00,conditions Sandstorms,Medium ,2,Drinks ,scooter ,1,No ,Metropolitian ,(min) 38
0x3f19 ,MUMRES14DEL03 ,28,5,19.1813,72.836191,19.2713,72.926191,06-04-2022,20:20:00,20:35:00,conditions Cloudy,Jam ,1,Buffet ,scooter ,1,No ,Urban ,(min) 34
0x3501 ,CHENRES08DEL01 ,29,4.8,13.022394,80.242439,13.092394,80.312439,27-03-2022,22:15:00,22:20:00,conditions Sandstorms,Low ,2,Buffet ,motorcycle ,0,No ,Metropolitian ,(min) 17
0x5b24 ,COIMBRES04DEL01 ,24,4.7,11.024839,77.007003,11.094839,77.077003,27-03-2022,23:30:00,23:40:00,conditions Cloudy,Low ,2,Snack ,scooter ,1,No ,Metropolitian ,(min) 20
0x8481 ,VADRES20DEL03 ,34,5,22.311358,73.164798,22.371358,73.224798,01-03-2022,19:10:00,19:15:00,conditions Sandstorms,Jam ,0,Buffet ,motorcycle ,1,No ,Metropolitian ,(min) 34
0x7835 ,JAPRES15DEL03 ,23,4.9,26.891191,75.802083,27.031191,75.942083,02-04-2022,18:00:00,18:15:00,conditions Sandstorms,Medium ,0,Drinks ,motorcycle ,0,No ,Metropolitian ,(min) 22
0xc10e ,AGRRES03DEL01 ,NaN ,NaN ,27.160832,78.011608,27.200832,78.051608,13-02-2022,NaN ,16:15:00,conditions NaN,NaN ,3,Snack ,scooter ,1,No ,Metropolitian ,(min) 28
0xa61f ,COIMBRES04DEL03 ,32,4.9,11.024839,77.007003,11.084839,77.067003,01-04-2022,17:35:00,17:45:00,conditions Cloudy,Medium ,2,Meal ,scooter ,NaN ,No ,Metropolitian ,(min) 19
0x7dcb ,MYSRES18DEL03 ,38,4.7,12.337928,76.617889,12.397928,76.677889,26-03-2022,23:25:00,23:40:00,conditions Fog,Low ,1,Snack ,motorcycle ,1,No ,Urban ,(min) 17
0x456c ,MUMRES16DEL01 ,33,4.7,19.120083,72.907385,19.130083,72.917385,17-03-2022,11:25:00,11:35:00,conditions Stormy,High ,2,Meal ,motorcycle ,1,No ,Metropolitian ,(min) 30
0x8d68 ,CHENRES12DEL01 ,31,4.7,12.972793,80.249982,13.082793,80.359982,25-03-2022,22:20:00,22:25:00,conditions Sandstorms,Low ,1,Buffet ,motorcycle ,0,No ,Urban ,(min) 28
0xdbe2 ,KNPRES06DEL02 ,20,4.6,0.0,0.0,0.02,0.02,13-02-2022,09:15:00,09:25:00,conditions Sunny,Low ,0,Meal ,motorcycle ,1,No ,Metropolitian ,(min) 17
0x1e7b ,HYDRES04DEL03 ,39,5,17.411028,78.329645,17.501028,78.419645,12-03-2022,22:00:00,22:10:00,conditions Cloudy,Jam ,0,Drinks ,motorcycle ,1,No ,Metropolitian ,(min) 47
0xde7d ,AGRRES08DEL01 ,28,4.8,27.160934,78.044095,27.230934,78.114095,16-02-2022,21:10:00,21:15:00,conditions Fog,Jam ,0,Buffet ,motorcycle ,0,No ,Urban ,(min) 41
0xa5ca ,HYDRES04DEL03 ,34,4.4,17.411028,78.329645,17.501028,78.419645,02-04-2022,17:35:00,17:40:00,conditions Stormy,Medium ,0,Snack ,motorcycle ,1,No ,Metropolitian ,(min) 42
0xa66c ,MUMRES12DEL02 ,27,4.7,19.207222,72.972281,19.337222,73.102281,14-03-2022,21:50:00,22:05:00,conditions Stormy,Jam ,1,Buffet ,scooter ,1,No ,Metropolitian ,(min) 24
0x1d96 ,JAPRES12DEL03 ,39,4.6,26.902908,75.792934,26.962908,75.852934,01-03-2022,20:00:00,20:10:00,conditions Sunny,Jam ,0,Meal ,motorcycle ,1,No ,Metropolitian ,(min) 28
0x1ff5 ,COIMBRES14DEL02 ,27,4.9,11.003681,76.975525,11.053681,77.025525,17-03-2022,17:35:00,17:40:00,conditions Stormy,Medium ,0,Snack ,motorcycle ,0,No ,Metropolitian ,(min) 20
0x430d ,COIMBRES02DEL02 ,37,5,11.022477,76.995667,11.042477,77.015667,01-04-2022,09:15:00,09:25:00,conditions Stormy,Low ,2,Buffet ,scooter ,0,No ,Metropolitian ,(min) 29
0xdb0b ,KOCRES20DEL01 ,24,4.5,9.979186,76.317361,9.989186,76.327361,17-02-2022,10:20:00,10:30:00,conditions Cloudy,Low ,2,Buffet ,scooter ,0,No ,Metropolitian ,(min) 13
0x1600 ,PUNERES01DEL02 ,29,4.6,18.569156,73.774723,18.649156,73.854723,02-04-2022,21:10:00,21:20:00,conditions Sunny,Jam ,2,Snack ,scooter ,1,No ,Metropolitian ,(min) 11
0x76fa ,SURRES17DEL01 ,35,4.9,21.149569,72.772697,21.189569,72.812697,07-03-2022,12:50:00,13:05:00,conditions Windy,High ,2,Snack ,motorcycle ,1,No ,Metropolitian ,(min) 30
0xa9f3 ,CHENRES13DEL01 ,26,4.7,13.027018,80.254791,13.037018,80.264791,30-03-2022,11:15:00,11:25:00,conditions Sandstorms,High ,1,Drinks ,motorcycle ,1,No ,Metropolitian ,(min) 22
0xce12 ,GOARES010DEL01 ,38,4.4,15.546594,73.760431,15.556594,73.770431,13-02-2022,10:25:00,10:30:00,conditions Windy,Low ,0,Drinks ,motorcycle ,1,No ,Metropolitian ,(min) 23
0x8807 ,SURRES19DEL02 ,21,4.4,21.149669,72.772629,21.199669,72.822629,03-03-2022,19:10:00,19:20:00,conditions Windy,Jam ,0,Snack ,motorcycle ,1,No ,Metropolitian ,(min) 31
0x39e9 ,SURRES12DEL03 ,29,4.5,21.183434,72.814492,21.213434,72.844492,17-03-2022,19:45:00,19:55:00,conditions Stormy,Jam ,2,Drinks ,scooter ,1,No ,Metropolitian ,(min) 24
0x30af ,BANGRES010DEL02 ,29,4.6,12.933298,77.614293,13.063298,77.744293,06-04-2022,17:40:00,17:55:00,conditions Fog,Medium ,1,Buffet ,scooter ,1,No ,Urban ,(min) 25
0x1c15 ,BANGRES19DEL01 ,35,4.9,12.914264,77.6784,12.924264,77.6884,30-03-2022,11:40:00,11:55:00,conditions Windy,High ,0,Drinks ,motorcycle ,1,No ,Metropolitian ,(min) 40
0x7bf0 ,RANCHIRES05DEL03 ,38,4.4,23.355164,85.324097,23.445164,85.414097,02-03-2022,20:15:00,20:20:00,conditions Cloudy,Jam ,2,Drinks ,motorcycle ,1,No ,Metropolitian ,(min) 39
0xa0a5 ,BANGRES14DEL03 ,26,4.8,12.949934,77.699386,13.009934,77.759386,09-03-2022,19:35:00,19:40:00,conditions Sandstorms,Jam ,0,Snack ,motorcycle ,1,No ,Metropolitian ,(min) 23
0x7623 ,SURRES16DEL02 ,25,4.6,21.160437,72.774209,21.290437,72.904209,12-03-2022,20:30:00,20:35:00,conditions Sandstorms,Jam ,1,Snack ,scooter ,0,No ,NaN ,(min) 16
0x9419 ,SURRES19DEL02 ,22,4.6,21.149669,72.772629,21.229669,72.852629,25-03-2022,17:10:00,17:15:00,conditions Sunny,Medium ,2,Drinks ,motorcycle ,0,No ,Urban ,(min) 10
0x39ab ,MYSRES11DEL02 ,31,4.7,12.323225,76.630028,12.373225,76.680028,13-03-2022,17:40:00,17:55:00,conditions Stormy,Medium ,0,Buffet ,motorcycle ,0,No ,Metropolitian ,(min) 26
0x9273 ,MYSRES12DEL03 ,37,4.8,12.284747,76.625861,12.344747,76.685861,05-03-2022,00:00:00,00:10:00,conditions Cloudy,Low ,0,Drinks ,motorcycle ,0,No ,Metropolitian ,(min) 23
0x8ec6 ,MYSRES18DEL03 ,30,4.7,12.337928,76.617889,12.397928,76.677889,09-03-2022,17:40:00,17:45:00,conditions Sandstorms,Medium ,0,Meal ,motorcycle ,1,No ,Metropolitian ,(min) 29
0x745c ,MYSRES09DEL01 ,26,4.5,12.323194,76.630583,12.363194,76.670583,05-04-2022,16:50:00,17:00:00,conditions Sandstorms,Medium ,0,Drinks ,motorcycle ,1,No ,Urban ,(min) 10
0x1857 ,HYDRES15DEL02 ,27,4.7,17.45971,78.368855,17.53971,78.448855,12-03-2022,23:30:00,23:45:00,conditions Fog,Low ,0,Drinks ,motorcycle ,0,No ,Metropolitian ,(min) 24
0xcc32 ,LUDHRES07DEL03 ,20,4.7,0.0,0.0,0.03,0.03,17-02-2022,20:55:00,21:00:00,conditions Stormy,Jam ,1,Buffet ,motorcycle ,0,No ,Metropolitian ,(min) 17
0x20c4 ,CHENRES05DEL02 ,31,4.8,13.058616,80.264151,13.108616,80.314151,01-03-2022,21:55:00,22:10:00,conditions Stormy,Jam ,0,Drinks ,motorcycle ,2,No ,Metropolitian ,(min) 46
0x902d ,HYDRES06DEL03 ,22,4.7,17.455894,78.375467,17.515894,78.435467,21-03-2022,18:20:00,18:35:00,conditions Windy,Medium ,1,Buffet ,motorcycle ,0,No ,Metropolitian ,(min) 28
0x6754 ,MYSRES05DEL01 ,22,4.7,12.323978,76.627961,12.393978,76.697961,02-04-2022,22:10:00,22:25:00,conditions Sandstorms,Low ,2,Meal ,scooter ,1,No ,Metropolitian ,(min) 18
0x7b54 ,PUNERES010DEL01 ,21,4.8,18.539299,73.897902,18.609299,73.967902,23-03-2022,22:35:00,22:45:00,conditions Stormy,Low ,1,Meal ,motorcycle ,1,No ,Urban ,(min) 13
0x7d1b ,HYDRES01DEL03 ,20,4.8,17.410371,78.437225,17.470371,78.497225,01-04-2022,21:25:00,21:40:00,conditions Sandstorms,Jam ,0,Buffet ,motorcycle ,1,No ,Metropolitian ,(min) 35
0xb106 ,MYSRES20DEL03 ,30,4.6,12.337978,76.616792,12.397978,76.676792,24-03-2022,17:55:00,18:00:00,conditions Stormy,Medium ,1,Snack ,scooter ,0,No ,Urban ,(min) 25
0x5e3a ,SURRES17DEL02 ,23,4.7,21.149569,72.772697,21.169569,72.792697,05-03-2022,11:45:00,11:55:00,conditions Sunny,High ,2,Buffet ,motorcycle ,0,No ,Urban ,(min) 15
0x4c54 ,COIMBRES07DEL03 ,29,4.6,10.96185,76.971082,11.05185,77.061082,16-03-2022,18:45:00,18:55:00,conditions Sunny,Medium ,1,Meal ,motorcycle ,0,No ,NaN ,(min) 18
0x565c ,INDORES07DEL01 ,38,4.6,22.722634,75.886959,22.762634,75.926959,07-03-2022,16:50:00,17:00:00,conditions Sunny,Medium ,2,Buffet ,motorcycle ,1,No ,Metropolitian ,(min) 23
0x8ba5 ,BANGRES05DEL02 ,27,5,12.970324,77.645748,13.050324,77.725748,06-04-2022,19:50:00,20:05:00,conditions Windy,Jam ,0,Buffet ,motorcycle ,1,No ,Metropolitian ,(min) 26
0xa7de ,VADRES05DEL02 ,35,5,22.310526,73.170937,22.390526,73.250937,23-03-2022,22:15:00,22:25:00,conditions Stormy,Low ,2,Meal ,motorcycle ,1,No ,Metropolitian ,(min) 16
0xef3 ,MYSRES20DEL01 ,22,4.9,12.337978,76.616792,12.407978,76.686792,04-03-2022,18:35:00,18:50:00,conditions Cloudy,Medium ,0,Meal ,motorcycle ,1,No ,Metropolitian ,(min) 30
0x226b ,MYSRES19DEL01 ,36,4.2,12.334022,76.618203,12.344022,76.628203,01-03-2022,09:30:00,09:35:00,conditions Windy,Low ,0,Meal ,motorcycle ,1,No ,Metropolitian ,(min) 29
0x5e71 ,JAPRES06DEL01 ,20,5,26.911927,75.797282,27.021927,75.907282,14-03-2022,21:20:00,21:25:00,conditions Windy,Jam ,2,Buffet ,scooter ,0,No ,Urban ,(min) 17
0x40ff ,MUMRES01DEL01 ,36,4.7,19.12663,72.829976,19.13663,72.839976,15-03-2022,09:15:00,09:30:00,conditions Sandstorms,Low ,2,Buffet ,electric_scooter ,1,No ,Metropolitian ,(min) 29
0x9223 ,JAPRES12DEL01 ,39,4.7,26.902908,75.792934,26.942908,75.832934,09-03-2022,14:55:00,15:10:00,conditions Fog,High ,1,Snack ,motorcycle ,0,No ,Metropolitian ,(min) 39
0x426b ,HYDRES06DEL01 ,NaN ,NaN ,17.455894,78.375467,17.525894,78.445467,23-03-2022,17:55:00,18:00:00,conditions Fog,Medium ,0,Meal ,motorcycle ,1,No ,Urban ,(min) 36
0x7f16 ,PUNERES03DEL02 ,28,4.5,18.554382,73.798206,18.574382,73.818206,03-04-2022,11:20:00,11:35:00,conditions Windy,High ,1,Buffet ,scooter ,1,No ,Urban ,(min) 13
0x2195 ,BANGRES08DEL03 ,24,4.9,12.906229,77.596791,12.936229,77.626791,15-03-2022,17:10:00,17:15:00,conditions Windy,Medium ,0,Drinks ,motorcycle ,1,No ,Metropolitian ,(min) 26
0x75f9 ,VADRES15DEL01 ,21,4.9,0.0,0.0,0.07,0.07,04-04-2022,20:10:00,20:15:00,conditions Stormy,Jam ,1,Meal ,scooter ,1,No ,Metropolitian ,(min) 23
0x7e5 ,MUMRES19DEL01 ,35,4.7,19.131141,72.813074,19.241141,72.923074,31-03-2022,17:25:00,17:30:00,conditions Sunny,Medium ,2,Drinks ,scooter ,0,No ,Metropolitian ,(min) 15
0x34b3 ,SURRES06DEL02 ,34,5,21.185047,72.80859,21.205047,72.82859,15-03-2022,08:35:00,08:45:00,conditions Sunny,Low ,0,Drinks ,motorcycle ,1,No ,Metropolitian ,(min) 20
0x2013 ,VADRES010DEL02 ,36,4.8,22.310329,73.169083,22.330329,73.189083,05-03-2022,09:45:00,09:55:00,conditions Sunny,Low ,0,Meal ,motorcycle ,0,No ,Metropolitian ,(min) 23
0xcb68 ,AGRRES16DEL01 ,29,4.8,0.0,0.0,0.11,0.11,16-02-2022,20:35:00,20:40:00,conditions Sandstorms,Jam ,1,Drinks ,scooter ,0,No ,Metropolitian ,(min) 19
0x4008 ,SURRES010DEL02 ,29,4.6,21.17106,72.789292,21.25106,72.869292,12-03-2022,19:40:00,19:55:00,conditions Sunny,Jam ,2,Meal ,electric_scooter ,NaN ,No ,Metropolitian ,(min) 17
0x647e ,INDORES16DEL03 ,26,5,22.744648,75.894377,22.834648,75.984377,18-03-2022,19:00:00,19:10:00,conditions Cloudy,Medium ,1,Snack ,scooter ,1,No ,Urban ,(min) 29
0x34f4 ,COIMBRES15DEL02 ,28,4.6,11.006686,76.951736,11.056686,77.001736,24-03-2022,19:15:00,19:30:00,conditions Cloudy,Jam ,2,Snack ,scooter ,0,No ,Metropolitian ,(min) 21
0x36b7 ,HYDRES12DEL03 ,20,4.6,17.429585,78.392621,17.459585,78.422621,21-03-2022,23:10:00,23:15:00,conditions Fog,Low ,0,Meal ,motorcycle ,1,No ,Urban ,(min) 22
0x59d5 ,MYSRES17DEL02 ,27,4.8,12.326356,76.619103,12.406356,76.699103,31-03-2022,20:55:00,21:00:00,conditions Cloudy,Jam ,2,Meal ,scooter ,2,No ,Metropolitian ,(min) 36
0x5439 ,JAPRES04DEL02 ,38,4.6,26.902328,75.794257,26.982328,75.874257,14-03-2022,17:20:00,17:25:00,conditions Fog,Medium ,1,Drinks ,motorcycle ,1,No ,Urban ,(min) 38
0xb128 ,CHENRES01DEL03 ,36,4.7,13.005801,80.250744,13.065801,80.310744,03-04-2022,20:30:00,20:35:00,conditions Windy,Jam ,0,Drinks ,motorcycle ,2,No ,Metropolitian ,(min) 36
0x6384 ,SURRES02DEL01 ,29,4.8,21.186608,72.794136,21.226608,72.834136,19-03-2022,14:10:00,14:20:00,conditions Sandstorms,High ,0,Snack ,motorcycle ,1,No ,Metropolitian ,(min) 27
0x4705 ,HYDRES010DEL01 ,31,5,17.428294,78.404423,17.498294,78.474423,08-03-2022,20:20:00,20:25:00,conditions Stormy,Jam ,0,Buffet ,motorcycle ,2,No ,Metropolitian ,(min) 36
0x6563 ,MUMRES04DEL02 ,34,4.7,19.254567,72.848923,19.304567,72.898923,26-03-2022,22:40:00,22:55:00,conditions Sunny,Low ,0,Buffet ,motorcycle ,0,No ,Metropolitian ,(min) 25
0x568c ,BANGRES06DEL01 ,23,5,12.979096,77.640625,13.049096,77.710625,04-04-2022,21:55:00,22:10:00,conditions Fog,Jam ,2,Drinks ,scooter ,0,No ,Metropolitian ,(min) 30
0x2c9e ,CHENRES08DEL02 ,27,4.9,13.022394,80.242439,13.072394,80.292439,21-03-2022,17:25:00,17:35:00,conditions Fog,Medium ,0,Meal ,motorcycle ,0,No ,Metropolitian ,(min) 20
0x7ee3 ,CHENRES07DEL01 ,30,4.6,13.081878,80.248519,13.151878,80.318519,04-04-2022,20:15:00,20:30:00,conditions Cloudy,Jam ,0,Snack ,motorcycle ,2,No ,Metropolitian ,(min) 44
0x47c3 ,HYDRES14DEL03 ,20,4.4,17.426228,78.407495,17.486228,78.467495,13-03-2022,23:40:00,23:55:00,conditions Windy,Low ,0,Drinks ,motorcycle ,1,No ,Urban ,(min) 28
0x70fb ,RANCHIRES16DEL02 ,37,4.1,23.371292,85.327872,23.421292,85.377872,05-04-2022,19:10:00,19:15:00,conditions Stormy,Jam ,0,Snack ,motorcycle ,3,No ,Metropolitian ,(min) 49
0xbbb1 ,CHENRES04DEL03 ,25,4.9,13.02978,80.208812,13.11978,80.298812,02-03-2022,17:20:00,17:25:00,conditions Sandstorms,Medium ,1,Meal ,scooter ,0,No ,Metropolitian ,(min) 15
0xda9 ,COIMBRES15DEL01 ,37,3.5,11.006686,76.951736,11.076686,77.021736,29-03-2022,21:20:00,21:35:00,conditions Sandstorms,Jam ,1,Buffet ,scooter ,1,No ,Metropolitian ,(min) 41
0x461a ,PUNERES09DEL01 ,29,4.3,18.536562,73.896485,18.646562,74.006485,02-03-2022,19:20:00,19:30:00,conditions Fog,Jam ,1,Snack ,scooter ,2,No ,Metropolitian ,(min) 38
0x91bb ,PUNERES11DEL02 ,29,4.7,18.533811,73.899315,18.583811,73.949315,01-03-2022,18:55:00,19:10:00,conditions Cloudy,Medium ,1,Drinks ,scooter ,1,No ,Urban ,(min) 13
0xd050 ,KOCRES19DEL01 ,29,4.1,9.960846,76.293936,10.030846,76.363936,14-02-2022,21:15:00,21:20:00,conditions Fog,Jam ,2,Snack ,motorcycle ,1,No ,Metropolitian ,(min) 35
0xdbdd ,KOCRES09DEL03 ,34,4.7,10.000706,76.349516,10.060706,76.409516,17-02-2022,21:25:00,21:35:00,conditions Fog,Jam ,1,Snack ,motorcycle ,1,No ,Metropolitian ,(min) 34
0x944e ,BANGRES15DEL03 ,30,4.5,12.975377,77.696664,13.065377,77.786664,04-04-2022,21:15:00,21:25:00,conditions Sunny,Jam ,2,Buffet ,electric_scooter ,0,No ,Urban ,(min) 31
0xd2da ,KOLRES06DEL01 ,35,4.8,22.533662,88.366217,22.573662,88.406217,13-02-2022,17:00:00,17:15:00,conditions Sunny,Medium ,0,Buffet ,motorcycle ,0,No ,Metropolitian ,(min) 28
0xa1b3 ,RANCHIRES13DEL03 ,36,4.8,23.374989,85.335486,23.464989,85.425486,06-04-2022,20:50:00,21:05:00,conditions Cloudy,Jam ,0,Meal ,motorcycle ,0,No ,Urban ,(min) 41
0xd93d ,KNPRES010DEL03 ,27,4.8,26.47775,80.351569,26.50775,80.381569,17-02-2022,20:40:00,20:55:00,conditions Fog,Jam ,0,Buffet ,motorcycle ,0,No ,Urban ,(min) 23
0x85a8 ,RANCHIRES02DEL02 ,26,4.6,0.0,0.0,0.13,0.13,29-03-2022,22:25:00,22:30:00,conditions Windy,Low ,0,Buffet ,motorcycle ,1,No ,Metropolitian ,(min) 24
0xb269 ,BANGRES16DEL01 ,27,4.7,13.029198,77.570997,13.069198,77.610997,01-04-2022,14:45:00,14:50:00,conditions Sunny,High ,1,Meal ,motorcycle ,0,No ,Metropolitian ,(min) 12
0x16b6 ,BANGRES14DEL02 ,NaN ,NaN ,12.949934,77.699386,13.079934,77.829386,12-03-2022,NaN ,22:35:00,conditions Windy,Low ,2,Drinks ,scooter ,1,No ,Urban ,(min) 15
0xba4c ,INDORES13DEL02 ,34,3.6,22.745049,75.892471,22.875049,76.022471,02-03-2022,20:40:00,20:50:00,conditions Sandstorms,Jam ,1,Drinks ,scooter ,1,No ,Metropolitian ,(min) 31
0xda0b ,KOLRES14DEL01 ,29,4.5,22.552996,88.35231,22.662996,88.46231,18-02-2022,19:50:00,20:00:00,conditions Sandstorms,Jam ,1,Meal ,scooter ,0,No ,Metropolitian ,(min) 24
0xa714 ,SURRES07DEL01 ,31,5,21.170798,72.790489,21.180798,72.800489,01-03-2022,09:50:00,10:05:00,conditions Stormy,Low ,1,Snack ,motorcycle ,1,No ,Urban ,(min) 22
0x1f60 ,COIMBRES08DEL03 ,34,4.6,11.001852,76.976268,11.091852,77.066268,27-03-2022,23:00:00,23:10:00,conditions Sunny,Low ,0,Meal ,motorcycle ,1,No ,Metropolitian ,(min) 22
0x2811 ,PUNERES15DEL01 ,28,4.5,18.636215,73.751081,18.706215,73.821081,14-03-2022,19:00:00,19:05:00,conditions Sandstorms,Medium ,1,Snack ,scooter ,1,No ,Metropolitian ,(min) 20
0xa8be ,HYDRES15DEL03 ,32,4.3,17.45971,78.368855,17.48971,78.398855,01-03-2022,23:50:00,00:05:00,conditions Sandstorms,Low ,0,Buffet ,motorcycle ,0,No ,Metropolitian ,(min) 30
0x273d ,CHENRES02DEL01 ,32,4.1,13.086438,80.220672,13.096438,80.230672,15-03-2022,11:00:00,11:15:00,conditions Windy,Low ,0,Snack ,motorcycle ,1,No ,Metropolitian ,(min) 25
0x6552 ,PUNERES20DEL03 ,39,4.7,18.592718,73.773572,18.622718,73.803572,11-03-2022,19:45:00,19:55:00,conditions Stormy,Jam ,2,Drinks ,scooter ,1,No ,Urban ,(min) 32
0x9eb7 ,BANGRES010DEL01 ,37,4.8,12.933298,77.614293,13.043298,77.724293,27-03-2022,20:35:00,20:45:00,conditions Windy,Jam ,0,Meal ,motorcycle ,0,No ,Metropolitian ,(min) 36
0x28bf ,BANGRES14DEL03 ,35,4.6,12.949934,77.699386,13.039934,77.789386,10-03-2022,17:40:00,17:45:00,conditions Sunny,Medium ,1,Buffet ,motorcycle ,1,No ,Urban ,(min) 18
0x2f37 ,JAPRES17DEL02 ,28,4.7,26.892312,75.806896,27.022313,75.936896,04-04-2022,23:40:00,23:55:00,conditions Sandstorms,Low ,0,Snack ,motorcycle ,1,No ,Metropolitian ,(min) 23
0x63b0 ,HYDRES05DEL02 ,22,4.7,17.433809,78.386744,17.513809,78.466744,18-03-2022,20:10:00,20:25:00,conditions Sandstorms,Jam ,2,Drinks ,electric_scooter ,1,No ,NaN ,(min) 23
0x53bf ,INDORES15DEL01 ,20,4.8,22.760072,75.892574,22.870072,76.002574,14-03-2022,19:55:00,20:05:00,conditions Sandstorms,Jam ,2,Buffet ,motorcycle ,1,No ,Metropolitian ,(min) 18
0x617c ,SURRES04DEL03 ,NaN ,NaN ,21.173493,72.801953,21.263493,72.891953,18-03-2022,NaN ,19:15:00,conditions Windy,Jam ,0,Buffet ,motorcycle ,1,No ,Metropolitian ,(min) 26
0x4779 ,PUNERES04DEL02 ,36,4.8,18.51421,73.838429,18.64421,73.968429,10-03-2022,17:45:00,17:50:00,conditions Stormy,Medium ,1,Buffet ,motorcycle ,1,No ,Metropolitian ,(min) 24
0x7403 ,RANCHIRES04DEL01 ,31,4.6,23.359033,85.325347,23.369033,85.335347,07-03-2022,10:45:00,10:50:00,conditions Sandstorms,Low ,2,Meal ,scooter ,1,No ,Urban ,(min) 28
0x609d ,PUNERES010DEL01 ,25,4.6,18.539299,73.897902,18.609299,73.967902,25-03-2022,17:15:00,17:20:00,conditions Fog,Medium ,0,Meal ,motorcycle ,1,No ,Metropolitian ,(min) 37
0xb38 ,VADRES20DEL03 ,32,4.9,22.311358,73.164798,22.371358,73.224798,11-03-2022,19:35:00,19:50:00,conditions Cloudy,Jam ,0,Meal ,motorcycle ,1,No ,Urban ,(min) 30
0x504a ,BANGRES06DEL01 ,21,4.8,12.979096,77.640625,13.049096,77.710625,16-03-2022,21:50:00,22:00:00,conditions Sandstorms,Jam ,2,Buffet ,scooter ,1,No ,Metropolitian ,(min) 23
0xe1cd ,KOCRES12DEL02 ,33,4.7,9.988483,76.295211,10.038483,76.345211,17-02-2022,23:50:00,00:00:00,conditions Stormy,Low ,2,Meal ,scooter ,0,No ,Metropolitian ,(min) 29
0x99ae ,PUNERES16DEL01 ,37,5,18.536718,73.830327,18.646718,73.940327,27-03-2022,17:45:00,18:00:00,conditions Stormy,Medium ,2,Snack ,scooter ,0,No ,Urban ,(min) 21
0xa045 ,RANCHIRES11DEL02 ,26,4.7,23.359194,85.325447,23.409194,85.375447,21-03-2022,19:55:00,20:05:00,conditions Stormy,Jam ,2,Drinks ,motorcycle ,1,No ,Metropolitian ,(min) 20
0xa0e2 ,BANGRES20DEL01 ,35,4.3,12.972161,77.596014,13.012161,77.636014,26-03-2022,15:10:00,15:20:00,conditions Sandstorms,Medium ,1,Snack ,scooter ,1,No ,Urban ,(min) 34
0x24ff ,PUNERES010DEL02 ,20,4.8,18.539299,73.897902,18.589299,73.947902,13-03-2022,18:30:00,18:35:00,conditions Windy,Medium ,1,Buffet ,scooter ,1,No ,Metropolitian ,(min) 20
0xc863 ,KOLRES12DEL02 ,32,4.9,22.551084,88.354127,22.601084,88.404127,17-02-2022,21:40:00,21:50:00,conditions Cloudy,Jam ,1,Buffet ,scooter ,1,No ,Metropolitian ,(min) 31
0x47b9 ,MYSRES02DEL03 ,35,4.6,12.304569,76.643622,12.334569,76.673622,19-03-2022,22:20:00,22:25:00,conditions Cloudy,Low ,2,Buffet ,scooter ,0,No ,Metropolitian ,(min) 18
0xb54c ,BANGRES05DEL02 ,25,4.2,12.970324,77.645748,13.050324,77.725748,02-04-2022,20:25:00,20:30:00,conditions Cloudy,Jam ,2,Meal ,scooter ,1,No ,Urban ,(min) 31
0xa7e7 ,CHENRES15DEL02 ,33,4.9,13.026286,80.275235,13.076286,80.325235,15-03-2022,22:25:00,22:30:00,conditions Cloudy,Low ,0,Drinks ,motorcycle ,1,No ,Metropolitian ,(min) 24
0x499 ,CHENRES06DEL03 ,NaN ,NaN ,-13.054347,-80.257221,13.144347,80.347221,25-03-2022,NaN ,19:30:00,conditions NaN,NaN ,3,Buffet ,scooter ,1,Yes ,Metropolitian ,(min) 52
0x525f ,CHENRES13DEL03 ,27,4.2,13.027018,80.254791,13.087018,80.314791,03-04-2022,23:45:00,23:50:00,conditions Stormy,Low ,0,Drinks ,motorcycle ,1,No ,Metropolitian ,(min) 21
0x424d ,HYDRES05DEL03 ,NaN ,NaN ,17.433809,78.386744,17.493809,78.446744,30-03-2022,NaN ,18:20:00,conditions Cloudy,Medium ,2,Snack ,scooter ,1,No ,Metropolitian ,(min) 19
0xb1bf ,JAPRES03DEL01 ,32,4.6,26.913483,75.803139,26.923483,75.813139,21-03-2022,11:30:00,11:40:00,conditions Sunny,High ,1,Drinks ,motorcycle ,1,No ,Metropolitian ,(min) 24
0xce1d ,BHPRES010DEL01 ,31,4.8,23.266261,77.379605,23.306261,77.419605,17-02-2022,13:00:00,13:10:00,conditions Fog,High ,1,Meal ,scooter ,1,No ,Metropolitian ,(min) 30
0xb4b ,CHENRES17DEL03 ,24,4.6,13.045479,80.23311,13.135479,80.32311,27-03-2022,17:50:00,17:55:00,conditions Fog,Medium ,1,Drinks ,motorcycle ,1,No ,Urban ,(min) 27
0x8399 ,PUNERES13DEL02 ,29,4.6,18.56245,73.916619,18.61245,73.966619,13-03-2022,23:50:00,00:05:00,conditions Stormy,Low ,2,Snack ,motorcycle ,1,No ,Metropolitian ,(min) 18
0x991a ,MYSRES18DEL02 ,23,4.6,12.337928,76.617889,12.357928,76.637889,17-03-2022,10:15:00,10:30:00,conditions Cloudy,Low ,1,Drinks ,motorcycle ,0,No ,Metropolitian ,(min) 12
0x797f ,MYSRES06DEL01 ,23,4.7,12.323994,76.626167,12.363994,76.666167,24-03-2022,14:20:00,14:25:00,conditions Fog,High ,2,Snack ,electric_scooter ,1,No ,Metropolitian ,(min) 25
0xa604 ,COIMBRES010DEL03 ,34,4.5,11.003008,76.97544,11.033008,77.00544,05-03-2022,17:55:00,18:05:00,conditions Fog,Medium ,1,Snack ,scooter ,0,No ,Metropolitian ,(min) 19
0xad3e ,INDORES04DEL02 ,31,4.6,22.753659,75.903365,22.833659,75.983365,23-03-2022,17:40:00,17:45:00,conditions Sandstorms,Medium ,0,Buffet ,motorcycle ,0,No ,Metropolitian ,(min) 43
0x6c26 ,SURRES02DEL02 ,24,4.4,21.186608,72.794136,21.316608,72.924136,08-03-2022,21:40:00,21:50:00,conditions Cloudy,Jam ,2,Drinks ,electric_scooter ,1,No ,Metropolitian ,(min) 32
0xad08 ,INDORES010DEL03 ,31,4.7,22.75004,75.902847,22.78004,75.932847,05-04-2022,19:50:00,20:05:00,conditions Sunny,Jam ,2,Snack ,electric_scooter ,0,No ,Urban ,(min) 19
0x9923 ,JAPRES20DEL01 ,24,4.6,26.956431,75.776649,26.996431,75.816649,01-03-2022,14:25:00,14:30:00,conditions Stormy,High ,1,Snack ,scooter ,1,No ,Metropolitian ,(min) 26
0x41ce ,BANGRES17DEL01 ,30,4.6,12.972532,77.608179,13.042532,77.678179,29-03-2022,00:00:00,00:15:00,conditions Fog,Low ,2,Drinks ,electric_scooter ,1,No ,Metropolitian ,(min) 27
0x947d ,MUMRES20DEL02 ,26,4.7,19.103249,72.846749,19.123249,72.866749,01-03-2022,10:20:00,10:30:00,conditions Fog,Low ,1,Snack ,scooter ,0,No ,Metropolitian ,(min) 18
0x77fd ,JAPRES07DEL03 ,31,4.7,26.766536,75.837333,26.826536,75.897333,28-03-2022,17:45:00,17:55:00,conditions Cloudy,Medium ,0,Buffet ,motorcycle ,1,No ,Metropolitian ,(min) 28
0x78e4 ,MUMRES12DEL01 ,26,4.9,19.207222,72.972281,19.247222,73.012281,28-03-2022,13:20:00,13:25:00,conditions Cloudy,High ,2,Drinks ,motorcycle ,1,No ,Metropolitian ,(min) 22
0xad38 ,BANGRES010DEL01 ,23,4.8,12.933298,77.614293,13.003298,77.684293,16-03-2022,18:30:00,18:45:00,conditions Sandstorms,Medium ,2,Buffet ,electric_scooter ,1,No ,Metropolitian ,(min) 18
0x94fe ,PUNERES16DEL03 ,34,4.5,18.536718,73.830327,18.626718,73.920327,31-03-2022,19:40:00,19:45:00,conditions Sunny,Jam ,0,Meal ,motorcycle ,0,No ,Metropolitian ,(min) 29
0xb5e0 ,MUMRES02DEL02 ,25,4.6,19.221315,72.862381,19.271315,72.912381,11-03-2022,23:35:00,23:50:00,conditions Cloudy,Low ,2,Buffet ,scooter ,0,No ,NaN ,(min) 16
0x65a9 ,HYDRES19DEL03 ,36,4.8,17.458998,78.500366,17.488998,78.530366,30-03-2022,23:45:00,00:00:00,conditions Fog,Low ,1,Snack ,motorcycle ,0,No ,Metropolitian ,(min) 17
0x2c76 ,INDORES17DEL03 ,23,4.9,22.761226,75.887522,22.791226,75.917522,11-03-2022,20:30:00,20:45:00,conditions Cloudy,Jam ,1,Snack ,motorcycle ,0,No ,Metropolitian ,(min) 20
0x5282 ,BANGRES13DEL02 ,34,4.9,12.935662,77.61413,12.955662,77.63413,17-03-2022,10:35:00,10:45:00,conditions Windy,Low ,1,Meal ,scooter ,1,No ,Urban ,(min) 21
0x157c ,MUMRES01DEL03 ,25,4.7,19.12663,72.829976,19.18663,72.889976,21-03-2022,20:25:00,20:40:00,conditions Windy,Jam ,2,Drinks ,scooter ,1,No ,Metropolitian ,(min) 20
0xad09 ,CHENRES17DEL03 ,29,4.6,13.045479,80.23311,13.135479,80.32311,08-03-2022,22:55:00,23:00:00,conditions Stormy,Low ,0,Drinks ,motorcycle ,1,No ,Metropolitian ,(min) 19
0xab96 ,INDORES01DEL01 ,28,4.2,22.695207,75.866059,22.765207,75.936059,02-04-2022,20:50:00,21:00:00,conditions Sandstorms,Jam ,0,Drinks ,motorcycle ,1,No ,Urban ,(min) 38
0x3787 ,PUNERES14DEL03 ,36,4.9,18.516216,73.842527,18.606216,73.932527,20-03-2022,23:45:00,00:00:00,conditions Fog,Low ,1,Buffet ,motorcycle ,1,No ,Metropolitian ,(min) 29
0x83f8 ,RANCHIRES13DEL01 ,32,4.8,23.374989,85.335486,23.384989,85.345486,03-04-2022,12:00:00,12:10:00,conditions Sandstorms,High ,2,Buffet ,motorcycle ,1,No ,Urban ,(min) 27
0xcce7 ,AURGRES06DEL01 ,33,4.4,19.874449,75.360232,19.944449,75.430232,16-02-2022,18:25:00,18:35:00,conditions Stormy,Medium ,0,Drinks ,motorcycle ,1,No ,Metropolitian ,(min) 34
0x835c ,RANCHIRES09DEL03 ,28,4.5,23.351058,85.325731,23.441058,85.415731,04-03-2022,21:50:00,22:00:00,conditions Sandstorms,Jam ,2,Drinks ,scooter ,1,No ,Metropolitian ,(min) 29
0x52e ,MYSRES05DEL02 ,NaN ,NaN ,12.323978,76.627961,12.343978,76.647961,19-03-2022,NaN ,10:40:00,conditions Sandstorms,Low ,1,Meal ,motorcycle ,1,No ,Urban ,(min) 11
0x6ca9 ,MYSRES07DEL03 ,34,4.1,12.325461,76.632278,12.415461,76.722278,08-03-2022,18:40:00,18:55:00,conditions Sandstorms,Medium ,0,Snack ,motorcycle ,0,No ,Metropolitian ,(min) 47
0x5b3a ,HYDRES07DEL03 ,26,4.1,17.424114,78.347554,17.484114,78.407554,30-03-2022,22:10:00,22:15:00,conditions Windy,Low ,0,Snack ,motorcycle ,1,No ,Metropolitian ,(min) 23
0x504 ,PUNERES010DEL03 ,NaN ,NaN ,18.539299,73.897902,18.569299,73.927902,03-04-2022,NaN ,22:50:00,conditions NaN,NaN ,3,Drinks ,motorcycle ,1,No ,Metropolitian ,(min) 24
0xd77f ,AURGRES07DEL02 ,24,4.6,19.875908,75.358888,20.005908,75.488888,16-02-2022,21:00:00,21:15:00,conditions Sandstorms,Jam ,1,Snack ,scooter ,1,No ,Metropolitian ,(min) 26
0x21da ,VADRES13DEL03 ,25,4.7,22.310237,73.158921,22.340237,73.188921,15-03-2022,22:10:00,22:20:00,conditions Stormy,Low ,1,Buffet ,motorcycle ,0,No ,Metropolitian ,(min) 15
0x3ec4 ,MUMRES09DEL01 ,32,5,18.994049,72.825203,19.064049,72.895203,02-03-2022,18:40:00,18:45:00,conditions Sandstorms,Medium ,1,Snack ,scooter ,1,No ,Metropolitian ,(min) 25
0x959d ,SURRES14DEL02 ,32,5,21.157729,72.768726,21.237729,72.848726,14-03-2022,19:55:00,20:05:00,conditions Fog,Jam ,0,Buffet ,motorcycle ,0,No ,Metropolitian ,(min) 49
0x62eb ,MYSRES07DEL03 ,31,4.8,12.325461,76.632278,12.355461,76.662278,11-03-2022,21:50:00,21:55:00,conditions Sunny,Jam ,2,Meal ,motorcycle ,0,No ,Metropolitian ,(min) 23
0x8daf ,MUMRES19DEL02 ,23,5,19.131141,72.813074,19.21114,72.893074,20-03-2022,18:40:00,18:50:00,conditions Sandstorms,Medium ,1,Meal ,motorcycle ,0,No ,Metropolitian ,(min) 27
0x79f5 ,HYDRES15DEL01 ,27,4.9,17.45971,78.368855,17.49971,78.408855,17-03-2022,15:25:00,15:35:00,conditions Sandstorms,Medium ,0,Buffet ,motorcycle ,0,No ,Metropolitian ,(min) 21
0x7c41 ,INDORES010DEL03 ,31,4.6,22.75004,75.902847,22.78004,75.932847,01-04-2022,17:20:00,17:30:00,conditions Windy,Medium ,0,Drinks ,motorcycle ,1,No ,NaN ,(min) 32
0xb742 ,SURRES010DEL03 ,29,4.9,21.17106,72.789292,21.20106,72.819292,01-04-2022,22:00:00,22:15:00,conditions Fog,Jam ,1,Snack ,motorcycle ,1,No ,Metropolitian ,(min) 20
0x65eb ,COIMBRES13DEL02 ,24,4.3,11.003669,76.976494,11.083669,77.056494,02-03-2022,19:50:00,20:05:00,conditions Sandstorms,Jam ,0,Meal ,motorcycle ,1,No ,Metropolitian ,(min) 34
0x7473 ,VADRES02DEL01 ,38,4,0.0,0.0,0.01,0.01,11-03-2022,10:35:00,10:45:00,conditions Stormy,Low ,0,Buffet ,motorcycle ,1,No ,Urban ,(min) 33
0xa49 ,CHENRES04DEL02 ,NaN ,NaN ,13.02978,80.208812,13.15978,80.338812,06-03-2022,NaN ,20:05:00,conditions Stormy,Jam ,1,Buffet ,scooter ,1,No ,Metropolitian ,(min) 40
0xb6cc ,MUMRES14DEL02 ,25,4.9,19.1813,72.836191,19.2613,72.916191,27-03-2022,21:45:00,22:00:00,conditions Sandstorms,Jam ,1,Drinks ,motorcycle ,0,No ,Metropolitian ,(min) 15
0xc3bb ,KOLRES04DEL02 ,31,4.7,22.538731,88.364878,22.588731,88.414878,15-02-2022,19:15:00,19:25:00,conditions Sunny,Jam ,1,Buffet ,scooter ,0,No ,Metropolitian ,(min) 17
0x6d9 ,MUMRES02DEL01 ,21,4.8,19.221315,72.862381,19.231315,72.872381,13-03-2022,08:10:00,08:20:00,conditions Sandstorms,Low ,2,Buffet ,motorcycle ,1,No ,Urban ,(min) 17
0x8fb7 ,MUMRES12DEL01 ,38,4.4,19.207222,72.972281,19.277222,73.042281,25-03-2022,21:25:00,21:40:00,conditions Sandstorms,Jam ,1,Drinks ,scooter ,1,No ,Metropolitian ,(min) 34
0xb4be ,INDORES13DEL03 ,34,4.7,22.745049,75.892471,22.775049,75.922471,01-04-2022,22:00:00,22:05:00,conditions Windy,Jam ,1,Meal ,scooter ,0,No ,Metropolitian ,(min) 29
0x534d ,HYDRES04DEL01 ,30,4.7,17.411028,78.329645,17.521028,78.439645,25-03-2022,22:50:00,23:00:00,conditions Sandstorms,Low ,1,Buffet ,motorcycle ,1,No ,Metropolitian ,(min) 20
0x2a6b ,BANGRES09DEL02 ,38,4,12.934179,77.615797,12.954179,77.635797,09-03-2022,10:50:00,10:55:00,conditions Sandstorms,Low ,0,Snack ,motorcycle ,0,No ,Metropolitian ,(min) 25
0xc669 ,LUDHRES15DEL01 ,25,4.9,30.899584,75.809346,30.969584,75.879346,18-02-2022,20:00:00,20:15:00,conditions Sandstorms,Jam ,1,Buffet ,motorcycle ,1,No ,Metropolitian ,(min) 28
0xda28 ,AURGRES11DEL03 ,39,4.4,0.0,0.0,0.09,0.09,14-02-2022,17:20:00,17:25:00,conditions Sandstorms,Medium ,0,Meal ,motorcycle ,1,No ,Metropolitian ,(min) 44
0x74d1 ,JAPRES03DEL03 ,35,4.6,26.913483,75.803139,27.053483,75.943139,12-03-2022,22:10:00,22:25:00,conditions Windy,Low ,2,Meal ,electric_scooter ,0,No ,Metropolitian ,(min) 15
0xb443 ,MYSRES12DEL03 ,37,4.5,12.284747,76.625861,12.314747,76.655861,28-03-2022,22:50:00,23:00:00,conditions Windy,Low ,2,Snack ,scooter ,1,No ,Metropolitian ,(min) 26
0x68a7 ,COIMBRES19DEL01 ,31,4.6,11.022298,76.998349,11.092298,77.068349,12-03-2022,22:30:00,22:40:00,conditions Stormy,Low ,1,Meal ,scooter ,0,No ,Metropolitian ,(min) 22
0xac2 ,PUNERES06DEL02 ,NaN ,NaN ,18.546258,73.904337,18.596258,73.954337,03-04-2022,17:30:00,17:40:00,conditions Cloudy,Medium ,0,Meal ,motorcycle ,1,No ,Metropolitian ,(min) 33
0x564c ,HYDRES11DEL01 ,36,4.1,17.430448,78.418213,17.440448,78.428213,17-03-2022,08:20:00,08:25:00,conditions Windy,Low ,0,Drinks ,motorcycle ,0,No ,Metropolitian ,(min) 21
0x2732 ,VADRES18DEL03 ,33,5,0.0,0.0,0.03,0.03,26-03-2022,23:15:00,23:25:00,conditions Fog,Low ,0,Buffet ,motorcycle ,0,No ,Urban ,(min) 27
0x50d5 ,VADRES06DEL02 ,27,4.9,22.31279,73.170283,22.39279,73.250283,29-03-2022,22:35:00,22:45:00,conditions Windy,Low ,1,Snack ,motorcycle ,0,No ,Metropolitian ,(min) 12
0x4f0f ,MYSRES06DEL02 ,20,4.7,12.323994,76.626167,12.453994,76.756167,20-03-2022,23:20:00,23:30:00,conditions Fog,Low ,1,Drinks ,motorcycle ,1,No ,Metropolitian ,(min) 29
0xb290 ,PUNERES18DEL01 ,31,4.8,18.593481,73.785901,18.663481,73.855901,29-03-2022,22:20:00,22:35:00,conditions Windy,Low ,2,Snack ,electric_scooter ,1,No ,Urban ,(min) 15
0x6fc0 ,JAPRES05DEL01 ,36,4.8,26.905287,75.794592,26.975287,75.864592,12-03-2022,21:25:00,21:30:00,conditions Sandstorms,Jam ,1,Buffet ,scooter ,1,No ,Metropolitian ,(min) 28
0x11f6 ,RANCHIRES04DEL01 ,23,4.9,23.359033,85.325347,23.369033,85.335347,01-03-2022,09:00:00,09:05:00,conditions Sunny,Low ,2,Buffet ,scooter ,0,No ,Metropolitian ,(min) 21
0x15c9 ,VADRES14DEL02 ,22,4.8,22.311603,73.165012,22.391603,73.245012,02-04-2022,19:00:00,19:05:00,conditions Windy,Medium ,1,Snack ,motorcycle ,1,No ,Metropolitian ,(min) 24
0xce3d ,KNPRES04DEL02 ,27,4.8,26.471529,80.313458,26.601529,80.443458,18-02-2022,17:35:00,17:50:00,conditions Sandstorms,Medium ,2,Snack ,scooter ,0,No ,Metropolitian ,(min) 17
0xdd9f ,DEHRES08DEL01 ,25,4.6,30.359722,78.067079,30.469722,78.177079,16-02-2022,22:10:00,22:15:00,conditions Windy,Low ,1,Drinks ,motorcycle ,1,No ,Metropolitian ,(min) 17
0x6026 ,HYDRES08DEL02 ,21,4.4,17.438263,78.397865,17.568263,78.527865,08-03-2022,17:35:00,17:45:00,conditions Fog,Medium ,2,Buffet ,scooter ,1,No ,Metropolitian ,(min) 32
0x7e8 ,CHENRES17DEL01 ,35,4.4,13.045479,80.23311,13.085479,80.27311,21-03-2022,15:55:00,16:05:00,conditions Sandstorms,Medium ,0,Drinks ,motorcycle ,1,No ,Metropolitian ,(min) 36
0xca5b ,KOCRES03DEL02 ,21,4.3,10.020683,76.310631,10.040683,76.330631,17-02-2022,08:35:00,08:45:00,conditions Sandstorms,Low ,0,Snack ,motorcycle ,1,No ,Metropolitian ,(min) 29
0x7900 ,BANGRES06DEL01 ,29,4.5,12.979096,77.640625,12.989096,77.650625,03-03-2022,09:00:00,09:15:00,conditions Fog,Low ,0,Snack ,motorcycle ,1,No ,NaN ,(min) 24
0x52ec ,MYSRES01DEL01 ,23,4.6,12.311072,76.654878,12.381072,76.724878,08-03-2022,19:00:00,19:15:00,conditions Windy,Medium ,1,Drinks ,motorcycle ,1,No ,Metropolitian ,(min) 26
0x2403 ,INDORES12DEL03 ,22,4.6,22.74806,75.8934,22.77806,75.9234,07-03-2022,21:50:00,22:05:00,conditions Sunny,Jam ,1,Drinks ,motorcycle ,0,No ,Urban ,(min) 15
0x6aa ,HYDRES12DEL01 ,NaN ,NaN ,17.429585,78.392621,17.439585,78.402621,19-03-2022,NaN ,08:30:00,conditions Fog,Low ,1,Drinks ,scooter ,0,No ,Metropolitian ,(min) 19
0x559e ,VADRES15DEL01 ,37,4.9,0.0,0.0,0.07,0.07,20-03-2022,22:55:00,23:10:00,conditions Sandstorms,Low ,1,Buffet ,scooter ,0,No ,Urban ,(min) 20
0x9197 ,HYDRES14DEL03 ,23,5,17.426228,78.407495,17.486228,78.467495,03-03-2022,17:45:00,18:00:00,conditions Fog,Medium ,2,Drinks ,scooter ,0,No ,Metropolitian ,(min) 15
0x6ee7 ,BANGRES03DEL03 ,25,4.9,12.979166,77.640709,13.009166,77.670709,26-03-2022,22:00:00,22:15:00,conditions Sandstorms,Jam ,2,Snack ,electric_scooter ,1,No ,Urban ,(min) 14
0x9630 ,INDORES08DEL02 ,29,4.9,22.725748,75.898497,22.855747,76.028497,29-03-2022,23:40:00,23:50:00,conditions Stormy,Low ,1,Meal ,motorcycle ,0,No ,Metropolitian ,(min) 14
0x93b9 ,BANGRES01DEL03 ,26,4.9,12.933284,77.615428,12.993284,77.675428,09-03-2022,22:25:00,22:35:00,conditions Fog,Low ,2,Buffet ,electric_scooter ,1,No ,Urban ,(min) 13
0xdace ,LUDHRES11DEL03 ,24,4.6,30.893081,75.821495,30.953081,75.881495,17-02-2022,20:25:00,20:40:00,conditions Sunny,Jam ,1,Buffet ,motorcycle ,0,No ,Metropolitian ,(min) 16
0x3fc6 ,BANGRES15DEL02 ,37,4.8,12.975377,77.696664,13.055377,77.776664,12-03-2022,22:15:00,22:30:00,conditions Stormy,Low ,0,Buffet ,motorcycle ,1,No ,Metropolitian ,(min) 26
0x70a2 ,CHENRES12DEL01 ,32,4.6,12.972793,80.249982,13.012793,80.289982,26-03-2022,13:30:00,13:45:00,conditions Cloudy,High ,1,Snack ,scooter ,1,No ,Metropolitian ,(min) 30
0x9956 ,JAPRES19DEL03 ,38,4,26.913726,75.75282,27.053726,75.89282,23-03-2022,19:45:00,19:50:00,conditions Windy,Jam ,0,Drinks ,motorcycle ,1,No ,Metropolitian ,(min) 41
0xd04d ,ALHRES03DEL03 ,36,4.6,25.451517,81.832616,25.481517,81.862616,15-02-2022,23:35:00,23:40:00,conditions Stormy,Low ,2,Buffet ,scooter ,0,No ,Urban ,(min) 27
0x1cd6 ,MYSRES11DEL03 ,25,4.9,12.323225,76.630028,12.353225,76.660028,11-03-2022,23:35:00,23:45:00,conditions Fog,Low ,0,Drinks ,motorcycle ,1,No ,Urban ,(min) 16
0x53cc ,SURRES16DEL02 ,31,3.6,21.160437,72.774209,21.290437,72.904209,02-04-2022,17:40:00,17:55:00,conditions Stormy,Medium ,1,Meal ,scooter ,1,No ,Metropolitian ,(min) 37
0x1ca9 ,MYSRES18DEL03 ,26,4.6,12.337928,76.617889,12.397928,76.677889,01-03-2022,23:45:00,00:00:00,conditions Sandstorms,Low ,1,Snack ,motorcycle ,0,No ,Urban ,(min) 10
0xcffe ,GOARES02DEL02 ,29,4.9,15.585658,73.743606,15.605658,73.763606,17-02-2022,11:45:00,11:50:00,conditions Sandstorms,High ,2,Drinks ,scooter ,1,No ,Metropolitian ,(min) 20
0x486c ,HYDRES04DEL01 ,38,4.6,17.411028,78.329645,17.451028,78.369645,07-03-2022,14:50:00,15:00:00,conditions Fog,High ,1,Meal ,scooter ,1,No ,Metropolitian ,(min) 37
0x6bff ,JAPRES04DEL03 ,31,4.7,26.902328,75.794257,26.932328,75.824257,21-03-2022,19:10:00,19:25:00,conditions Cloudy,Jam ,1,Meal ,motorcycle ,1,No ,Metropolitian ,(min) 30
0x1e01 ,RANCHIRES15DEL02 ,20,4.9,23.369746,85.33982,23.419746,85.38982,13-03-2022,23:00:00,23:10:00,conditions Stormy,Low ,1,Drinks ,scooter ,1,No ,Metropolitian ,(min) 17
0x4c5c ,CHENRES12DEL02 ,28,4.9,12.972793,80.249982,13.102793,80.379982,10-03-2022,21:25:00,21:30:00,conditions Sunny,Jam ,2,Snack ,scooter ,0,No ,Metropolitian ,(min) 19
0x97c6 ,MYSRES17DEL01 ,22,4.7,12.326356,76.619103,12.366356,76.659103,24-03-2022,12:10:00,12:20:00,conditions Fog,High ,2,Meal ,electric_scooter ,0,No ,Metropolitian ,(min) 20
0x7c53 ,INDORES01DEL01 ,21,4.7,22.695207,75.866059,22.765207,75.936059,08-03-2022,18:40:00,18:55:00,conditions Sunny,Medium ,1,Snack ,scooter ,1,No ,Metropolitian ,(min) 13
0x84f4 ,MUMRES010DEL01 ,33,4.7,19.003517,72.82765,19.013517,72.83765,03-04-2022,11:35:00,11:40:00,conditions Windy,High ,2,Buffet ,scooter ,1,No ,Urban ,(min) 30
0x2e4b ,PUNERES13DEL01 ,24,4.9,18.56245,73.916619,18.57245,73.926619,01-03-2022,08:35:00,08:50:00,conditions Windy,Low ,2,Drinks ,motorcycle ,0,No ,Metropolitian ,(min) 18
0x8e38 ,CHENRES17DEL02 ,38,4.6,13.045479,80.23311,13.095479,80.28311,26-03-2022,19:10:00,19:25:00,conditions Sunny,Jam ,0,Buffet ,motorcycle ,1,No ,Metropolitian ,(min) 21
0x813a ,COIMBRES09DEL02 ,32,4.2,11.008638,76.984311,11.058638,77.034311,01-04-2022,20:50:00,21:05:00,conditions Cloudy,Jam ,0,Snack ,motorcycle ,1,No ,Metropolitian ,(min) 33
0xdad6 ,AGRRES11DEL02 ,34,4.7,27.163303,78.057044,27.293303,78.187044,12-02-2022,23:10:00,23:20:00,conditions Fog,Low ,1,Buffet ,scooter ,1,No ,Metropolitian ,(min) 27
0xa158 ,SURRES08DEL03 ,32,4.9,21.173343,72.792731,21.263343,72.882731,27-03-2022,18:55:00,19:10:00,conditions Cloudy,Medium ,0,Meal ,motorcycle ,0,No ,Metropolitian ,(min) 41
0x1d61 ,JAPRES010DEL03 ,29,5,26.921411,75.793604,26.951411,75.823604,24-03-2022,22:45:00,23:00:00,conditions Stormy,Low ,1,Snack ,scooter ,0,No ,Metropolitian ,(min) 12
0xb314 ,SURRES06DEL01 ,23,4.6,21.185047,72.80859,21.295047,72.91859,04-03-2022,21:20:00,21:35:00,conditions Sandstorms,Jam ,2,Meal ,scooter ,1,No ,Metropolitian ,(min) 29
0xcdfe ,GOARES05DEL02 ,38,4.9,0.0,0.0,0.02,0.02,17-02-2022,10:50:00,11:05:00,conditions Sandstorms,Low ,2,Meal ,scooter ,0,No ,Metropolitian ,(min) 20
0xdd64 ,DEHRES08DEL01 ,25,4.8,30.359722,78.067079,30.399722,78.107079,15-02-2022,12:10:00,12:15:00,conditions Cloudy,High ,2,Drinks ,motorcycle ,0,No ,Metropolitian ,(min) 21
0xdbce ,ALHRES20DEL03 ,35,4.4,25.454697,81.834492,25.544697,81.924492,18-02-2022,23:50:00,23:55:00,conditions Fog,Low ,1,Buffet ,motorcycle ,1,No ,Metropolitian ,(min) 32
0xb9f1 ,MUMRES04DEL01 ,26,4.6,19.254567,72.848923,19.324567,72.918923,12-03-2022,19:25:00,19:40:00,conditions Stormy,Jam ,1,Drinks ,scooter ,0,No ,Metropolitian ,(min) 27
0x8292 ,BANGRES17DEL01 ,31,5,12.972532,77.608179,12.982532,77.618179,17-03-2022,12:00:00,12:15:00,conditions Fog,High ,1,Buffet ,motorcycle ,1,No ,Metropolitian ,(min) 36
0x373c ,INDORES06DEL03 ,38,4.6,22.728163,75.884212,22.758163,75.914212,26-03-2022,18:15:00,18:20:00,conditions Cloudy,Medium ,0,Drinks ,motorcycle ,1,No ,Metropolitian ,(min) 25
0x25ed ,INDORES05DEL02 ,23,5,22.727021,75.884167,22.807021,75.964167,04-03-2022,23:40:00,23:45:00,conditions Fog,Low ,1,Snack ,motorcycle ,0,No ,Metropolitian ,(min) 26
0x3fad ,INDORES19DEL01 ,37,4.9,22.745536,75.893106,22.815536,75.963106,23-03-2022,18:50:00,19:00:00,conditions Stormy,Medium ,1,Snack ,motorcycle ,0,No ,Metropolitian ,(min) 28
0xd041 ,AGRRES07DEL03 ,24,4.7,27.160934,78.044095,27.300934,78.184095,12-02-2022,23:35:00,23:50:00,conditions Sandstorms,Low ,1,Meal ,motorcycle ,0,No ,Metropolitian ,(min) 10
0x4484 ,BANGRES12DEL03 ,39,4.8,12.939496,77.625999,12.969496,77.655999,13-03-2022,18:40:00,18:55:00,conditions Stormy,Medium ,2,Drinks ,electric_scooter ,1,No ,Urban ,(min) 25
0x5820 ,HYDRES20DEL03 ,24,4.6,17.483216,78.552111,17.573216,78.642111,23-03-2022,19:15:00,19:30:00,conditions Cloudy,Jam ,0,Snack ,motorcycle ,0,No ,Metropolitian ,(min) 35
0x3f15 ,MYSRES14DEL02 ,30,3.6,0.0,0.0,0.08,0.08,25-03-2022,17:40:00,17:45:00,conditions Stormy,Medium ,1,Meal ,motorcycle ,0,No ,Metropolitian ,(min) 35
0x8a24 ,PUNERES08DEL01 ,22,4.6,18.53408,73.89852,18.57408,73.93852,07-03-2022,17:00:00,17:05:00,conditions Stormy,Medium ,2,Drinks ,motorcycle ,1,No ,Metropolitian ,(min) 27
0x897 ,MUMRES19DEL02 ,NaN ,NaN ,19.131141,72.813074,19.21114,72.893074,25-03-2022,NaN ,22:00:00,conditions NaN,NaN ,3,Meal ,motorcycle ,1,No ,Metropolitian ,(min) 38
0xc31c ,GOARES03DEL01 ,34,4.9,15.574828,73.766883,15.644828,73.836883,12-02-2022,20:40:00,20:45:00,conditions Fog,Jam ,0,Meal ,motorcycle ,3,No ,Semi-Urban ,(min) 49
0x9697 ,COIMBRES04DEL01 ,31,4.6,11.024839,77.007003,11.094839,77.077003,04-03-2022,18:50:00,19:00:00,conditions Sunny,Medium ,2,Buffet ,scooter ,1,No ,Metropolitian ,(min) 26
0x42f6 ,HYDRES17DEL01 ,35,4.9,17.451976,78.385883,17.491976,78.425883,30-03-2022,13:15:00,13:30:00,conditions Stormy,High ,1,Meal ,motorcycle ,1,No ,Urban ,(min) 31
0xde8d ,KOCRES15DEL03 ,23,4.6,10.027364,76.308258,10.087364,76.368258,15-02-2022,18:55:00,19:05:00,conditions Sandstorms,Medium ,2,Snack ,motorcycle ,0,No ,Metropolitian ,(min) 21
0x3cc8 ,VADRES20DEL01 ,23,4.6,22.311358,73.164798,22.381358,73.234798,29-03-2022,20:45:00,20:50:00,conditions Stormy,Jam ,1,Buffet ,scooter ,1,No ,Metropolitian ,(min) 24
0xe06 ,INDORES06DEL01 ,35,4.8,22.728163,75.884212,22.798163,75.954212,16-03-2022,18:00:00,18:15:00,conditions Sunny,Medium ,2,Meal ,scooter ,0,No ,Metropolitian ,(min) 26
0x6778 ,HYDRES15DEL02 ,22,4.7,17.45971,78.368855,17.50971,78.418855,05-04-2022,22:00:00,22:05:00,conditions Fog,Jam ,0,Meal ,motorcycle ,0,No ,Urban ,(min) 25
0x241e ,MUMRES08DEL03 ,35,4.4,19.065838,72.832658,19.155838,72.922658,23-03-2022,19:40:00,19:50:00,conditions Fog,Jam ,2,Drinks ,electric_scooter ,0,No ,Metropolitian ,(min) 46
0x68e8 ,MYSRES04DEL01 ,22,4.3,12.3085,76.665808,12.3785,76.735808,02-03-2022,20:15:00,20:25:00,conditions Fog,Jam ,2,Meal ,electric_scooter ,NaN ,No ,Metropolitian ,(min) 31
0xdd7b ,AGRRES04DEL03 ,28,4.7,27.195928,77.998092,27.255928,78.058092,15-02-2022,20:40:00,20:45:00,conditions Fog,Jam ,0,Meal ,motorcycle ,1,No ,Metropolitian ,(min) 26
0x98e3 ,VADRES12DEL03 ,26,4.6,0.0,0.0,0.09,0.09,31-03-2022,20:50:00,21:05:00,conditions Windy,Jam ,2,Meal ,scooter ,1,No ,Metropolitian ,(min) 27
0x2c6f ,CHENRES05DEL02 ,37,4.6,13.058616,80.264151,13.188616,80.394151,23-03-2022,20:50:00,21:05:00,conditions Sunny,Jam ,2,Meal ,electric_scooter ,1,No ,Metropolitian ,(min) 16
0x6daf ,SURRES13DEL02 ,29,4.9,21.170096,72.789122,21.190096,72.809122,05-04-2022,08:35:00,08:50:00,conditions Sandstorms,Low ,2,Buffet ,electric_scooter ,1,No ,Metropolitian ,(min) 17
0x669f ,MYSRES11DEL03 ,21,4.4,12.323225,76.630028,12.413225,76.720028,04-04-2022,19:25:00,19:40:00,conditions Windy,Jam ,0,Buffet ,motorcycle ,1,No ,Metropolitian ,(min) 33
0x9e1 ,CHENRES11DEL02 ,38,4.7,13.064181,80.236442,13.144181,80.316442,25-03-2022,19:15:00,19:20:00,conditions Sunny,Jam ,2,Snack ,motorcycle ,0,No ,NaN ,(min) 23
0x6dee ,MUMRES17DEL02 ,22,4.3,19.121999,72.908493,19.141999,72.928493,05-04-2022,11:35:00,11:45:00,conditions Fog,High ,1,Drinks ,scooter ,1,No ,Metropolitian ,(min) 31
0x6c40 ,CHENRES20DEL02 ,25,4.6,12.975996,80.221898,12.995996,80.241898,17-03-2022,11:30:00,11:40:00,conditions Sandstorms,High ,2,Buffet ,scooter ,1,No ,Urban ,(min) 26
0x9deb ,PUNERES03DEL03 ,39,4.7,18.554382,73.798206,18.584382,73.828206,05-04-2022,00:00:00,00:05:00,conditions Sandstorms,Low ,2,Snack ,scooter ,0,No ,Metropolitian ,(min) 22
0x4eec ,PUNERES08DEL03 ,25,4.8,18.53408,73.89852,18.59408,73.95852,19-03-2022,17:50:00,18:00:00,conditions Fog,Medium ,1,Buffet ,motorcycle ,1,No ,Metropolitian ,(min) 16
